region_id,accreditation_no,name,address,contact_no,email
1,13-001-1921-LW-2,A1 WATER TESTING LABORATORY INC.,"28 Dr. Sixto Antonio Avenue Brgy. Kapasigan, Pasig City, Metro Manila",0918-9250620 / 8935-6623 / 8994-4855,-
1,-,"ACA WATER ANALYSIS AND LABORATORY SERVICES, INC.",#46 Scout Chuatoco Quezon City,0927-3390210,gingaquino12@yahoo.com
1,13-0013-1920-LW-1,AERONICS INCORPORATED,"19 Ashley St. North Fairview Park Subd. North fairview, Quezon City",0920-9548792 / (8) 935-4861 / (8) 930-40-06,aeronicsmain@gmail.com
1,-,ANALYTIKA LABORATORY,"Unit 104, Le Gran Building, 45 Eisenhower Street, Greenhills, San Juan, Metro Manila",0961-5012936,raymondjoseph.amusao@gmail.com
1,13-0017-1920-LW-2,BOYER ENVIRONMENTAL WATER TESTING LABORATORY,"2nd floor JP Tuason Bldg. cor San Vicente, Sta. Lucia St. San Antonio Valley I, Para¤aque City, Manila",0912-216-1215 / 799-8451,bewtl.2014@gmail.com
1,13-0003-1920-LW-1,CITY GOVERNMENT OF MAKATI-WATER BACTERIOLOGICAL LABORATORY,"Building 1, 7th Floor, J.P. Rizal, Makati City",8870-1608,health@makati.gov.ph
1,13-0007-2022-LW-2,CJK AIR & WATER TESTING LABORATORY,"99-C Judge juan Luna San Antonio, Quezon City",0905-4056030 / 8373-4996,airwaterlab07@yahoo.com.ph
1,13-011-1820-LW-1,DR. JOSE N. RODRIGUEZ MEMORIAL HOSPITAL AND SANITARIUM,"St. Joseph Avenue, Tala, Caloocan",0917-5026144 / 781-740*,djnrmh.dplm@gmail.com
1,13-0007-1921-LW-1,DEPARTMENT OF MEDICAL MICROBIOLOGY COLLEGE OF PUBLIC HEALTH,"625 Pedro Gil Street, Ermita, Manila",85255874,dmmcph.upmanila@gmail.com
1,13-0010-1920-LW-2,"ELARSI, INCORPORATED","Unit 201-203 & 406 Rizalina Annex, Bldg. 1677, Quezon Avenue, Quezon City",0977-8139268 / 8927-7715,info@elarsi.com
1,13-0003-18-LW-2,EMINENT WATER LABORATORY CENTER (MAIN BRANCH),"347-F A. Bonifacio Ave., Brgy. San Jose, Quezon City",0933-1658046 / 0922-8675546 / 8365-7811,jose_lim@eminentwater.com
1,13-004-1920-LW-2,ENVIRONMENTAL - HEALTH LABORATORY SERVICES COOPERATIVE,"50 Holy Spirit Drive, Quezon City",86913966 / 0917-8324760,ehlsc1999@yahoo.com
1,13-005-1920-LW-2,ENVIRONMENTAL - HEALTH LABORATORY SERVICES COOPERATIVE (TAGUIG),"490 Gen. Luna St. Brgy. Tuktukan, Taguig, Metro Manila",0917-8324760 / 0917-3118643 / 02-89202300,hr.ehlscooperative@gmail.com
1,13-0012-1920-LW-2,F.A.S.T LABORATORIES - CUBAO,"#62 20th Avenue Cubao, Quezon City",0917-5626286 / 8913-8848 / 8913-0250,cubao.fastlaboratories@gmail.com
1,13-0005-18-LW-2,GLOBAL ELIXIR WATER LABORATORY CENTER/ AQUA LAB CENTER - MAYON,"Unit 5 & 10 DD1 Bldg. Del Monte Ave. cor Mayon St. Brgy. Maharlika, Quezon City",0908-8741412 / (02) 83540059 / (02) 87424745,alcmayon@yahoo.com
1,13-0006-1920-LW-2,GREYSTONE BIOCHEM LABORATORIES INC.,"148 iv Domingo St. Barangay Kaunlaran, Cubao, Quezon City",0905-1681108 / (02) 8727-6474 / (02) 8573-9237*,info@greystonebiochem.com
1,13-0006-2022-LW-2,HI-ADVANCE PHILIPPINES INCORPORATED,"Unit 5, 3F Maga Center San Antonio St. Paseo De Magallanes, Makati City",0939-9030679 / 0956-8055517 / 7294327 / 8548365,philippines@hiadvance.com
1,13-0016-1920-LW-2,HI-PRECISION DIAGNOSTICS,"440-442 W. Long Bldg. Del Monte Ave. cor Biak na Bato, Quezon City",863-9999 loc 123,jane@hi-precision.com.ph
1,13-0002-1920-LW-2,"HOPE LOVE FAITH MEDICAL CLINIC AND LABORATORY, INC.",35-C William Bldg. Quezon Avenue cor Cordillera St. Quezon City,0918-9250620 / 0922-8528899 / 711-2455 / 749-9589,hlf_laboratory@yahoo.com
1,13-011-1921-LW-2,HYDROLAB COMPANY,"Unit 107-108 G/F MNRI Bldg. Mindanao Ave., Brgy. Talipapa, Quezon City",0922-8931450 / 0926-6728660 / (02) 8404-1065 / (02) 8709-8680,hydrolabcompany@gmail.com
1,-,JEROCAS RESEARCH LABORATORY SERVICES,"14 Don Antonio St.Villa Beatriz, Old Balara, Commonwealth, Quezon City",0917-8307673 / 8-2821574 / 7-9755532,operations.jerocas@gmail.com
1,13-0014-1920-LW-2,"LABNET DIAGNOSTIC AND MEDICAL CLINIC AND WATER TESTING LABORATORY, INC.","138 kalayaan Ave., Brgy. Central, Quezon City",0924-4296337 / 8-283-2341,labnetdiagnostic@gmail.com
1,-,"MACH UNION WATER LABORATORY, INC.","314 Anfra Bldg. FMC-LTO Compound, Alabang - Zapote Road, Talon 1, Las Pi¤as City",0917-8439306 / (02) 8553-8381 / (02) 8553-8382,glenn@machunion.com
1,13-0006-18-LW-2,"MACH UNION WATER LABORATORY, INC.","335 Mach Union Bldg. Alabang - Zapote Road, Talon 3, Las Pi¤as City",0917-8439306 / (02) 8553-8381 / (02) 8553-8382,glenn@machunion.com
1,-,MANILA WATER LABORATORY SERVICES,"489 Katipunan Road, MWSS Compound, Balara, Quezon City",0917-5080439 / 9175900 loc 1603,morena.beronio@manilawater.com
1,13-0009-18-LW-2,MAYNILAD CENTRAL LABORATORY,"La Mesa Treatment Plant I Greater Lagro Novaliches, Quezon City",697-3719,christine.bagsik@mayniladwater.com.ph
1,13-0136-20-CL-2,MD TECH MEDICAL AND DIAGNOSTIC CLINIC,"142-B Howmart Road Brgy. Baesa, Quezon City",0930-4059824,mdtech.diagnostic@yahoo.com
1,13-011-18-LW-2,MER CHEMICAL LABORATORY AND SERVICES INC.,64 Major Dizon Street Industrial Valley Complex Marikina City,0922-8990248 / 8681-8459,merchemical@yahoo.com.ph
1,13-0002-2022-LW-2,"PHARMAVIDA, INC.","#1 Macropharma Bldg. Do¤a Julia Vargas Ave. Brgy. Ugong, Pasig City",0917-147-6081 / 02-7968-3427,pharmavida.inc@gmail.com
1,13-001-1920-LW-2,PLATINUM RESEARCH LABORATORY INC.,"Unit 807 Union Square Condominium 15th Ave. Cubao, Quezon City",8911-3062,platinumlaboratory@gmail.com
1,13-0012-2022-LWI,PUBLIC HEALTH LABORATORY - MANILA HEALTH DEPARTMENT,"Lanuza Health Center, 1533 Alvarez St. Sta Cruz, Manila",0917-5771197 / 02-5310-1329,manilalab_phl@yahoo.com
1,-,QUALIBET TESTING SERVICES CORP.,"121A Dangay Veterans Village, Project 7, Quezon City",0917-5609710 / (02) 8374-8003,inquiries@qualibetlab.com
1,13-244-18-230-H3-2,"SAN JUAN DE DIOS EDUCATIONAL FOUNDATON, INC. - HOSPITAL",2772 Roxas Boulevard Pasay City,0917-6119662 / 551-2758 / 831-9731 loc 1115-1116,laboratory@sanjuandedios.org
1,13-0004-2022-LW-2,SENTROTEK CORP.,"208 Pilar St., Brgy. Addition Hills, Mandaluyong City",0917-8837705 / 8721-6500,laboratory@sentrotek.com
1,13-0005-2022-LW-2,"SGS PHILIPPINES, INC (MAKATI)","2229 Chino Roces Ave. Makati City, Metro Manila",0917-8739156 / 09178033161,neriza.ramos@sgs.com/jonalyn.tolenetino@sgs.com
1,13-0015-1920-LW,SPRING WATER TESTING LABORATORY ,"156 G/F Unit 2, LMB Building, San Antonio, San Antonio Valley 1 Paranaque City ",0918-2990421 / 8808-8912,springwater.laboratory@gmail.com 
1,13-010-16-LW-2,ST. LUKE'S MEDICAL CENTER - GLOBAL CITY,"3 32nd St. cor 5th Avenue Bonifacio Global City, Taguig City",0998-5821986 / 0917-8530515 / 8789-7700 loc 2065,slmcgc.microbio@yahoo.com
1,13-148-16-700-H3-2,UNIVERSITY OF SANTO TOMAS HOSPITAL,"Espa¤a Boulevard, Manila",0917-8106258 / 7313001 Loc. 2426,usth_micro@yahoo.com
1,13-0007-18-LW-2,WATERLAB WATER TESTING LABORATORY INC.,"137 Quirino Hi-way, Baesa, Quezon City",0939-9126854 / (02) 294-2345,caloocanwaterlab@yahoo.com
1,14-0002-2022-LW-1,BAGUIO WATER DISTRICT,"003 Utility Road, Barangay Marcoville, Baguio City, Benguet",0923-2840540 / 074-448-4940,bwd.wqs@gmail.com
1,WTL-010-15-CAR,BAUKO RURAL HEALTH UNIT,"Poblacion, Bauko, Mountain Province",0929-6807570 ,blesam_27@yahoo.com*
1,14-001-1921-LW-1,BENGUET PROVINCIAL WATER ANALYSIS LABORATORY,"BeGH Compound, Km 5, La Trinidad, Benguet",(074) 422-2895,phobenguet@yahoo.com
1,WMLA-08-0047,CARAGA REGIONAL HOSPITAL,"Rizal Street, Brgy. Washington, Surigao City, Surigao Del Norte",0910-5962602 / (086) 826-3103,masarah_aguilar@yahoo.com
1,14-0001-2022-LW-1,DOST-CAR Regional Standards Testing Laboratory,"KM 6, BSU Compound, La Trinidad City, Benguet",0908-2338955 / (074) 422-0979,rstlcar@gmail.com
1,14-0004-18-CL-1,HEALTH SERVICES OFFICE - PUBLIC HEALTH LAB.,"Health Services Office Bldg., T. Alonzo St. Baguio City, Benguet",0917-5582498 / (074) 442-6018,hso_phlneqas@yahoo.com
1,01-02-19-LW-1,DAGUPAN CITY WATER DISTRICT LABORATORY,"New Administrative Bldg. Tambac District, Dagupan City, Pangasinan",0932-8477855 / (075) 653-2588,dcwdlaboratory@yahoo.com
1,01-002-2123-LW-1,DEPARTMENT OF SCIENCE AND TECHNOLOGY REGIONAL OFFICE 1,"DMMSU-MLU Campus, P.O. Box 117, San Fernando, La Union",09178408695,dostro1@dost.gov.ph
1,1-2-18-LW-2,ENVIRONMENTAL - HEALTH LABORATORY SERVICES COOPERATIVE,"Unit 310 T&S Bldg. San Vicente, Urdaneta, Pangasinan",0917-8324760 / 0917-3118643 / 02-89202300,hr.ehlscooperative@gmail.com
1,01-002-2022-LW-1,ILOCOS NORTE WATER DISTRICT - WATER TESTING LABORATORY,"Andres Bonifacio St. Laoag City, Ilocos Norte",0998-5903569 / 077-7720985,lab.primewaterilocosnorte@gmail.com
1,093*,ILOCOS TRAINING AND REGIONAL MEDICAL CENTER,"McArthur Highway Brgy. Parian, San Fernando City, La Union",0933-8652570 / (072) 607-6418,itrmc.laboratory@gmail.com
1,01-006-1820-LW-2,"PANGASINAN SAFE WATER LABORATORY, INC.","375 DMM, Village, Brgy. Tobor, Malasiqui, Pangasinan",0923-3771451,pangasinansafewaterlabinc@gmail.com
1,01-001-2022-LW-1,PROVINCIAL WATER BACTERIOLOGICAL LABORATORY,"Solis Street, Poblacion, Lingayen, Pangasinan",0995-7568832 / 075-542-2295,will_deguzman@yahoo.com
1,01-318-18-300-H3-1,REGION 1 MEDICAL CENTER,"Arellano St. Dagupan City, Pangasinan",0923-9636343 / 075-5158916 / 075-5158901,departmentoflaboratories@yahoo.com
1,01-01-19-LW-2,SANDUGO MULTI-PURPOSE COOPERATIVE,"40 Crystal Dew Compound National Highway, Buyon, Bacarra, Laoag, Ilocos Norte",0945-4011397 / 676-0691,lab@crystaldewddw.com
1,01-028-1820-LW-2,TAGUDIN MEDICAL DIAGNOSTIC CENTER,"Tagudin, Ilocos Sur",0926-2306713 / 077-674124-2,asaptmdc2009@gmail.com
1,02-292-14-500-H3-1,CAGAYAN VALLEY MEDICAL CENTER - WATER BACTERIOLOGY,"Dalan na Pagayaya, Regional Government Center, Carig Sur, Tuguegarao City, Cagayan",0917-8564911,janepagaddu@yahoo.com
1,,CAUAYAN CITY WATER DISTRICT,"#166 Africano cor Burgos St. District 2 Cauayan City, Isabela",(078) 652 2196,
1,02-016-19-H1-1,GOV. FAUSTINO N. DY SR. MEMORIAL HOSPITAL WATER LABORATORY,"Calamagui 2nd City of Ilagan, Isabela",0977-3075440 / 624-0036,amorneymd@hotmail.com
1,02-002-20-LW-1,METROPOLITAN TUGUEGARAO WATER DISTRICT WATER LABORATORY,"Main Avenue, San Gabriel, Tuguegarao City, Cagayan",0955-4227003 / (078) 844-1586 / 7309,mtwd_1978@yahoo.com
1,02-083-19-CL-1,NUEVA VIZCAYA PROVINCIAL PUBLIC HEALTH LABORATORY,"Provincial Integrated Health Office, Capitol Compound, District IV, Bayombong, Nueva Vizcaya",0916-4952205,pho.labnv@yahoo.com
1,02-001-19-LW-1,SANTIAGO WATER DISTRICT WATER LABORATORY ,SANWAD Water Treatment Plant Mabini Santiago Isabela,0917-1457770,sanwadwaterlab@yahoo.com
1,03-003-19-LW-2,AMEER DIAGNOSTIC LABORATORY,"A. Mabini Street, Mojon, Malolos City, Bulacan",0925-5255504 / (044) 3050430,ameerdtl_lab@yahoo.com
1,-,ANGELES UNIVERSITY FOUNDATION MEDICAL CENTER,"Mc Arthur Highway, Angeles City, Pampanga",045-625-2924,aufmc_capalu@hotmail.com*
1,03-005-19-LW-1,BATAAN PROVINCIAL WATER LAB ,"Manahan St. Tenejero Balanga City, Bataan, Balanga, Bataan",0922-3303334,-
1,03-001-18-LW-1,CABANATUAN CITY WATER DISTRICT WATER TESTING LABORATORY,"Maharlika Road Dicarma District, Cabanatuan City, Nueva Ecija",0922-8863795 / (044) 4631646 loc 505,ccwdwaterlab@gmail.com
1,03-013-1820-LW-2,CLARK WATER CORPORATION,"Depot 1901, Bicentennial Hill Clark Freeport Zone, Clarkfield, Pampanga",(045) 5995757 loc 104,al-shaimah.alonto@clarkwater.com
1,03-001-20-LW-2,CRL ENVIRONMENTAL CORPORATION,"Bldg. 2 Berthaphil Compound 1, Berthaphil, Inc. Industrial Park, Jose Abad Santos Ave. Clark Freeport Zone, Pampanga",045-599-3943,crl@crllabs.com
1,03-002-19-LW-2,DIASERV LABORATORY WATER TESTING SERVICES,"Pinmara Square Building, Mac Arthur Highway, Sindalan, City of San Fernando, Pampanga",(045) 455-4984,diaserv2000@gmail.com
1,03-014-1820-LW-2,ECHEM ENVIRONMENTAL TESTING LABORATORY CORPORATION,"10 Quezon Road, San Isidro, San Simon, Pampanga",0917-1642944 / (045) 435-2795,echemenvironmental@gmail.com
1,03-013-1921-LW-2,EMINENT WATER LABORATORY CENTER (SAN FERNANDO PAMPANGA BRANCH),"Blk 1 Lot 4B Benito St. Dolores Homesite Ext. 2, San Agustin, San Fernando, Pampanga",0922-8977869 / 0917-8317629 / (045) 475-5078,jose_lim@eminentwater.com
1,03-002-20-LW-2,FAST LABORATORIES CLARK ANGELES,"Stall 5, 6, 7 SNB Building 717 Magalang Road, Angeles City, Pampanga",0943-7075890 / (045) 3044252,fastlabclark.analyst@gmail.com
1,03-006-1921-LW-2,GLOBAL ELIXIR WATER LABORATORY CENTER/ AQUA LAB CENTER - PAMPANGA,477 Mc Arthur Highway Brgy. San Jose San Fernando Pampanga,0908-8741412 / (02) 83540059 / (02) 87424745,alcmayon@yahoo.com
1,03-002-2022-LW-2,LN LABORATORY AND DIAGNOSTIC CENTER,San Matias (in front of Robinson's Easymark) Sto. Tomas Pampanga,0919-0045421 / (045) 301-7288,lnlaboratory@yahoo.com
1,03-001-19-LW-2,SUBIC WATER FREEPORT WATER LABORATORY,"Subic Water & Sewerage Company Inc. former Subcom Area, Rizal Highway, SBFZ Olongapo, Zambales",0917-1499183 / 252-1122 loc 101,julie.sapit@subicwater.com.ph
1,03-004-19-LW-1,TARLAC CITY WATER DISTRICT WATER LABORATORY,"Sta. Rosa Road, Brgy. Maliwalo, Tarlac City",0939-501-5777 / 045-9821150,tcwdwaterlab.primewatercorp@gmail.com
1,-,TARLAC PROVINCIAL HOSPITAL - LABORATORY,"Hospital Drive San Vicente, Tarlac City, Tarlac",0907-8628122 / 0908-8907879 / (045) 491-8970 loc 255,laboratorytph@yahoo.com
1,-,WATERLAB WATER TESTING LABORATORY INC. - (PAMPANGA BRANCH),"Blk. 15A Lot 6 Phase 2 Empresa Homes, Calulut, San Fernando, Pampanga",0933-8166332 / 0925-688801* / 8294-2345,caloocanwaterlab@yahoo.com
1,4A-0002-2022-LW-2,ALPHA LABORATORY CALAMBA PHILIPPINES CORPORATION,"LTO Road, Real, Calamba, Laguna",(049) 5459982,alphalab.information@gmail.com
1,4A-002-1921-LW-2,"AQUALAB ANALYTICAL SERVICES, INC.","Blk 39 Lot 1 Green Estate Phase 3 Malagasang I-G, Imus, Cavite",0921-3194794 / (046) 6863704,info@aqualabph.com
1,4A-0005-2022-LW-1,BATANGAS CITY WATER DISTRICT LABORATORY (JOINT VENTURE WITH PRIMEWATER INFRASTRUCTURE CORP.),"Km 4 National Highway, Alangilan, Batangas City, Batangas",0998-5903497 / (043) 723-4330,bcwd_lab@yahoo.com.ph
1,4A-0003-1820-LW-1,CALAMBA WATER DISTRICT,"St. Angela St. Lakeview Subd. Brgy. Halang, Calamba City, Calamba, Laguna",0917-5366100 / (049) 545-2863 loc 118,malourdes15@yahoo.com
1,4A-0003-2022-LW-1,CARMONA WATER LABORATORY,"252 San Jose St. Brgy. 2 Carmona, Cavite",(046) 430-3072,mho.carmona@gmail.com
1,4A-0003-1921-LW-2,"COCA-COLA FEMSA PHILIPPINES, INC. ","Gate 5 Coca-Cola Beverages Philippines, Inc., Sta. Rosa Plant 1, Brgy Pulong-Sta. Cruz, Sta. Rosa City, Laguna ",0999-9546945 / (02) 866-2433,ann.baclay@coca-cola.com.ph 
1,4A-006-17-LW-2,"COSMOLAB LABORATORIES, INC","Blk 13 Lot 13 Columbian Circle Anahaw Subdivision Brgy. Dita, Sta. Rosa City, Laguna",(049) 502-8133,cosmolab_laboratories@yahoo.com
1,4A-0002-17-LW-1,DASMARI¥AS WATER DISTRICT WATER TESTING LABORATORY,"Camerino Avenue, City of Dasmari¤as, Cavite",0947-6409186 / (046) 4161236 loc 188 / (046) 4193998,dwdwaterlab@gmail.com
1,4A-002-16-LW-2,F.A.S.T LABORATORIES - CALAMBA,"Allied Concrete Bldg. KM 54 Makiling, Calamba, Laguna",0917-5234365 / (049) 508-7138 / 5026520,fastlabcalamba@gmail.com
1,4A-0001-1921-LW-2,FIEL LABORATORIES AND ENTERPRISE,"Alegria Homes Subdivision, San Roque, Bauan, Batangas",0917-4634927,bauanfiellaboratory@gmail.com
1,4A-0301-20-H3-1,GENERAL EMILIO AGUINALDO MEMORIAL HOSPITAL,"Brgy. Luciano, Trece Martires City, Cavite",423-9169,geamhlab@gmail.com
1,04A-001-1820-L-W-Z,LAGUNA AAAWATER CORPORATION LABORATORY SERVICES SECTION,"8 North Science Avenue, Laguna Technopark Inc. Brgy. Bi¤an, Bi¤an, Laguna",0917-7001454 / (049) 543-1916,anna.gutierrez@lagunawater.ph
1,WTLPT-144A0044,LAGUNA PROVINCIAL HEALTH OFFICE WATER TESTING LABORATORY,"J. De Leon Street, Santa Cruz, Laguna",0922-3092350 / (049) 501-1630,rabdtrinidad@yahoo.com
1,4A-010-1921-LW-2,LEADSERV ANALYTICAL LABORATORY,"Lucena Diversion Road, Maharlika Highway, Brgy. Mayowe, City of Tayabas, Quezon",0933-8215608,contact@leadservlab@yahoo.com
1,4A-004-17-LW-2,LIPA QUALITY CONTROL CENTER INC.,"001 J.P. Laurel National Highway Brgy. Sico, Lipa, Batangas",0917-5745711 / (043) 702-8417,lipaqualitycontrolcenterinc.dco@yahoo.com
1,04A-0002-18-LW-1,METRO LIPA WATER DISTRICT LABORATORY,"Brgy. Balintawak, Lipa City, Batangas",0917-1370016 / (043) 756-6972,aidaamplaton@yahoo.com
1,4A-005-1820-LW-2,"OPTIMAL LABORATORIES, INC","Purok 1, Brgy. Balintawak. Lipa",0917-7147928 / (043) 981-3992,documentcontrol@hotmail.com dcc@optimallabinc.com.ph
1,4A-001-18-LW-2,"OSTREA MINERAL LABORATORIES, INC.","Brgy. Road, BO. Mamplasan Bi¤an, Laguna ",0917-8703393 / 02-8899058,mcfreferente@ostrealabs.com.ph
1,4A-0059-20-HI-2,"PAGSANJAN MEDICAL CLINIC, INC.","National Highway, Brgy. Sampaloc, Pagsanjan, Laguna",0917-8120242 / (049) 501-4882 / (049) 501-4882,pmclaboratory01@gmail.com
1,WMTLPT-19-4A0105,QMC WATER LABORATORY,"Quezon Medical Center Compound, Quezon Avenue Barangay 11, Lucena City, Quezon",0932-8439147,qmcwaterlab@gmail.com
1,4A-0002-1921-LW-1,REGIONAL STANDARDS AND TESTING LABORATORY - DEPARTMENT OF SCIENCE AND TECHNOLOGY ,"Jamboree Road, Timugan Los Ba¤os Laguna",09178652988,rstl_dost4A@yahoo.com/jsbronburnc@ro4a.dost.gov.ph
1,4A-012-1820-LW-2,SCIENTIA TECH COMPANY,"2nd floor 264-269 DJ HUB Sumulong, Sumulong Highway, Sitio Ruhat, Brgy. Mambugan, Antipolo, Rizal",0949-8808897 / (02) 8697-5364,scientia.tech.co@gmail.com
1,4A-002-1820-LW-2,"TECHNOPARK INDUSTRIAL LABORATORY, INC.","145 East main Avenue, loop St. Phase 6A, laguna Tenchnopark, Bi¤an, Laguna",0927-3317486 / 02-8546-1781,inquiry.tili@yahoo.com
1,-,DOST - MIMAROPA WATER TESTING LABORATORY,"PSU Link Road, Puerto Princesa, Palawan",0917-8844332 / (048) 433-0489,dost4b.rstl@gmail.com
1,17-01-1820-LW-1,ENVIRONMENTAL SANITATION AND PUBLIC HEALTH LABORATORY,"S.P.S. Gov't Center, Brgy. Bancao-Bancao, Puerto Princesa City, Palawan",0917-1276608 / (048) 434-9996,esphlpalawan@gmail.com
1,04B-376-18-30-H1-2,LUNA GOCO MEDICAL CENTER,"J.P. Rizal St. Calapa City, Oriental Mindoro",0999-4132409 / (043) 286-2473,lgmcpathology@gmail.com
1,05-002-17-LW-1,BICOL-SOUTH LUZON SUB NATIONAL REFERENCE LABORATORY,"Bicol Regional Diagnostic and Reference Laboratory Complex Brith Compound, Legazpi City",0915-7544766 / (052) 742-2600,dohroV_phrl@yahoo.com
1,05-002-19-LW-1,CAMARINES NORTE WATER DISTRICT LABORATORY,"Vinzons Avenue, Lag-On, Daet, Camarines Norte",0998-8423856 / (054) 440-3502 LOC 611,cnwdlab@gmail.com
1,05-001-14-LW-R,CAMARINES SUR PHO WATER ANALYSIS LABORATORY,"Banasi, Bula, Camarines Sur",0905-4261494 ,annieorbon@gmail.com
1,05-002-17-LW-I,DOST V - RSTL,"Regional Center Site, Rawis, Legazpi, Albay",0917-7099445 / (052) 742-0911,dost5rstl@gmail.com
1,05-009-2022-LW-2,H3g LABORATORY WATER TESTING LABORATORIES,"#4 DKC Bldg F. Aquende Drive, Brgy 08 Bagumbayan ",0999-3188041,h3gwatertesting@gmail.com
1,05-001-16-LW-1,METROPOLITAN NAGA WATER DISTRICT,"40 J. Miranda Avenue, Naga City, Camarines Sur",0995-5107391 / 472-1685 loc 122,mnwaterdistrict@yahoo.com
1,05-05-030-14-100-H2-1,SORSOGON PROVINCIAL HOSP. (DFBDSMH),"Diversion Road, Macabog, Sorsogan City",056-211-01-95,dfbdsmh.lab@gmail.com
1,05-005-1921-LW-1,WATERLAB WATER TESTING LABORATORY INC. (BICOL BRANCH),"GTS Bldg. Ilawod Rizal St, Vrgy. 14, Legaspi, Albay",0933-8166332 / 0939-9126854 / 8294-2345,caloocanwaterlab@yahoo.com
1,06-001-19-LW-2,AKLAN FOOD AND WATER TESTING LABORATORY,"Right Wing, Provincial Capitol, Annex Building, Kalibo, Aklan",0999-9961522 / (036)268-1510,akenrolaboratory@yahoo.com.ph
1,06-001-20-LW-2,"ASTS ANALYTICAL SOLUTIONS AND TECHNICAL SERVICES ILOILO, INC.","Jalandoni Estate, Lapuz, Iloilo City",0917-3058082 / (033) 5014269,astslabiloilo@yahoo.com
1,06-004-19-LW-1,BACIWA WATER LABORATORY,"Corner Galo-San Juan Streets, Brgy 12 Bacolod City, Negros Occidental",0917-5503600 / (034) 4334629,waterqualitydivision@baciwa.gov.ph
1,1***,"CENTRALIZED ANALYTICAL LABORATORY, LABORATORY FACILITIES FOR ADVANCED AQUACULTURE TECHNOLOGIES, SOUTHEAST ASIAN FISHERIES DEVELOPMENT CENTER-AQUACULTURE DEPARTMENT","Brgy. Buyu-an, Tigbauan, Iloilo",0956-3287913 / +63-335119170-71 loc 1112/1115,jafelera@seafdec.org.ph
1,06-003-20-LW-2,CPU WATER LABORATORY,"Lopez Jaena St. Jaro, Iloilo City",0966-1384709 / 329-1971 loc 1085 loc 3267,dpescos@yahoo.com
1,06-002-20-LW-1,DOST-REGION VI REGIONAL STANDARDS AND TESTING LABORATORY,"Magsaysay Village, La Paz, Iloilo City",0908-891-7085 / (033) 320-0907 loc 108,dost6rstl@gmail.com
1,06-003-18-LW-2,GEM'S AQUA WATER ANALYSIS LABORATORY,"Malipayon Village, Roxas City, Capiz ",0995-6430261 / 036-6510469,cmcdtc@yahoo.com
1,06-002-18-LW-2,JB FASTEST WATER TEST CO.,"78 Hechanova Street, Brgy. Nabitasan, Lapaz, Iloilo City",0917-7995617 / (033) 5094164,jbwaterlab@yahoo.com
1,06-002-19-LW-1,MALAY MUNICIPAL HEALTH OFFICE CLINICAL LABORATORY,"Poblacion, Malay, Aklan",0939-9023361 / (036) 2888718,mhomalay@gmail.com
1,06-001-18-LW-2,NEGROS PRAWN PRODUCERS COOPERATIVE ANALYTICAL AND DIAGNOSTIC LABORATORY,"Door 1 & 2 NOLKFI Bldg. 6th Street, Bacolod City, Negros Occidental",0920-9084620 / (034) 433-2131,nppc_adl@yahoo.com.ph
1,WTLPT-14060068,ROXAS MEMORIAL PROVINCIAL HOSPITAL,"Arnaldo Boulevard, Roxas City, Capiz",09981816926 / 036-6210-823 loc 116,rmphrxcapiz@yahoo.com
1,06-004-18-LW-2,"W. J. VILLANUEVA, INC ","#8 16th Lacson Street, Bacolod City, Negros Occidental",(034) 4333935,advcl1031@yahoo.com
1,06-06-089-14-300-H3-I,WESTERN VISAYAS MEDICAL CENTER,"Q. Abeto Street Mandurriao, Iloilo City",0917-7200915 / 321-2841 loc 239,wateranalysiswvmc@gmail.com
1,07-025-1820-LW-2,ALTECE MACTAN WATER TESTING LABORATORY,"Rm 201 711 Building, M. L. Quezon, National Highway, Brgy. Pajo, Lapu-lapu City, Cebu",0944-2034617 / 032-343-4857,altecemactan.lab@gmail.com
1,07-WTL-2019-001-G,BOHOL PROVINCIAL HEALTH OFFICE WATER TESTING LABORATORY,"J.A. Clarin St., DAO District Tagbilaran City, Bohol",09172556418,joneffersordilla@yahoo.com
1,07-0447-19-H3-2,"CEBU (VELEZ) GENERAL HOSPITAL, INC.","41 F. Ramos Street, Cebu City",0926-6336559 / (032) 253-1872 loc 511,velezlaboratory@yahoo.com
1,07-WTL-2018-001-P,"CEBU AGUA LAB., INC.","Unit 2 J Frecstar Arcade H. cortes St.  Subang Daku, Mandaue",0906-9029261 / 032-422-7275,cebuagualabinc@gmail.com
1,07-WL-2014-005-G,CEBU CITY HEALTH DEPARTMENT ,"Gen. Maxilom Ave. Ext. Carreta, Cebu City ",0968-6156184,mandc29@yahoo.com
1,07-009-1820-LW-2,ENVIRONMENTAL - HEALTH LABORATORY SERVICES COOPERATIVE,"2nd Flr. 057-A 5th Sun Valley Drive Brgy. Calamba, V. Rama Ave. Cebu City",0917-8324760 / 0917-3118643 / 02-89202300,hr.ehlscooperative@gmail.com
1,07-001-19-LW-2,HEALTH CARE DIAGNOSTIC CENTER,"2nd floor Rm 26 New Sacred Heart Pharmacy Bldg. Northroad Caro, Dumaguete City, Negros Oriental",0917-5893484 / (035) 422-2189,hcdc_888@yahoo.com
1,-,INTERTEK TESTING SERVICES PHILS. INC.,"Door 3 TTI Building, North Road, Tabok, Mandaue City, Cebu",0998-9607162 / (032) 236-4762,shiela.virgo@intertek.com
1,07-003-19-LW-2,"MACTAN ROCK INDUSTRIES, INC.","Suba-Masulog, Basak, Lapu-Lapu City, Cebu",0999-2264587 / (032) 496-8100,lab.operations@mactanrock.com
1,07-WTL-2018-005-G,METROPOLITAN CEBU WATER DISTRICT,"Nasipit Talambaw, Cebu City",0923-3385936 / 032-3444384,arlilourdes@yahoo.com     helena@mcwd.gov.ph
1,07-WTL-2018-002-P,"OSTREA MINERAL LABORATORIES, INC. - CEBU","RJ Ouano Bldg. M.C. Briones St. Bakilid, Mandaue City",0998-5798461 / (032) 343-6472,gcborreta@ostrealabs.com.ph
1,07-006-2018-LW-2,"SGS PHILIPPINES, INC (CEBU)","Maximo Patalinhug Jr. Avenue, Basak, Lapu-Lapu City, Cebu",0917-8739156 / 0917-8033161,neriza.ramos@sgs.com/jonalyn.tolenetino@sgs.com
1,07-WTL-2018-004-P,TALISAY WATER LABORATORY,"Sangi Street, Tabunok. Talisay City, Cebu",0923-6758968 / (032) 272-4625,talisaywaterlab@yahoo.com
1,07-001-20-LW-2,THE FIRST ANALYTICAL SERVICES AND TECHNICAL COOPERATIVE (F.A.S.T LAB),"Hi-way Central Building, M.C. Briones Highway, Brgy. Guizo, Mandaue City, Cebu",0917-5626231 / (032) 343-3599,fastmandaue@gmail.com
1,07-WTL-2017-001-P,UNIVERSITY OF SAN CARLOS - WATER LABORATORY,"Nasipit Talamban, Cebu",(032) 345-3811,waterlab@usc.edu.ph
1,-,VICENTE SOTTO MEMORIAL MEDICAL CENTER,B. Rodriguez St. Cebu City,0920-9707690 / (032) 263-5349,vsmmcdeptpatho@gmail.com
1,,BILIRAN PROVINCIAL HOSPITAL WATER TESTING LABORATORY,"Castin St., Naval, Biliran",0917-3226305 ,leahmalagao@yahoo.com
1,WMTLPT-19-80059,DEPARTMENT OF SCIENCE AND TECHNOLOGY - 8 REGIONAL STANDARDS AND TESTING LABORATORY,"Government Center, Candahug, Palo, Leyte",0917-501-2804 / (053) 888-0948,moradam516@yahoo.com
1,-,EASTERN VISAYAS REGIONAL MEDICAL CENTER,"Brgy. 1&4 Magsaysay Blvd., Tacloban City, Leyte",0917-7954304 / (053) 832-0920,ernexusmir@yahoo.com
1,08-001-19-LW-1,PRIMEWATER LEYTE METRO WATER ANALYSIS LABORATORY,"Brgy. Hibunawon, Jaro, Leyte",0977-8371075,lansoy07@gmail.com
1,08-018-16-LW-2,SALVACION OPPUS Y¥IGUEZ MEMORIAL PROVINCIAL HOSPITAL,"Brgy. Dongon, Maasin, Southern Leyte",0923-9958431,pangilinan**laida@yahoo.com***
1,09-018-1820-LW-1,DOST IX - REGIONAL STANDARDS AND TESTING LABORATORIES,"Pettit Barracks Zamboanga City, Zamboanga Del Sur",0917-718-3647 / (062) 9911024,jovitaapduhan@gmail.com
1,09-08-18-CL-2,THE AGAPE HEALTH CARE CENTER,"35 F. Herrera ST. corner T. Claudio St. Miputak, Dipolog City",0998-9758091 / (065) 212-7055,agape.health@yahoo.com
1,09-003-1820-LW-1,ZAMBOANGA CITY MEDICAL CENTER,"Dr. Evangelista Str. Sta. Catalina, Zamboanga City, Zamboanga Del Sur",0917-7976284 / 062-9912934,zcmc.wtl@yahoo.com
1,09-019-16-LW-1,ZAMBOANGA DEL NORTE MEDICAL CENTER,"National Highway, Sicayab, Dipolog City, Zamboanga Del Norte",0919-7133054 / (065) 212-5084,znmc_lab@yahoo.com
1,10-001-18-LW-2,AJ H2O MICRO LAB,"P-5 Casisang, Malaybalay City, Bukidnon",0917-8378400,aj_microlab@yahoo.com
1,10-006-2022-LW-1,DOST X - REGIONAL STANDARDS AND TESTING LABORATORIES,"J.V. Seri¤a Street, Cagayan De Oro, Misamis Oriental",0906-3489519 / (088) 855-0081,dost10rstl@gmail.com
1,10-014-16-LW-2,ENVIRONMENTAL - HEALTH LABORATORY SERVICES COOPERATIVE (CAGAYAN DE ORO),"219 Corrales Extension, Barangay 22, Cagayan De Oro City, Misamis Oriental",0977-8020027,-
1,10-0186-20-H2-A,MISAMIS OCCIDENTAL PROVINCIAL HOSPITAL WATER TESTING LABORATORY,"Independence St. Lower Langcangan, Oroquieta City, Misamis Occidental",0908-5927902 / 09107865387 / (088) 531-2244 to 2245,mophlaboratory2017@yahoo.com
1,10-002-2022-LW-1,MICROBIOLOGY RESEARCH LABORATORY,"College of Veterinary Medicine, Central Mindanao University, Musuan, Maramag, Bukidnon",0927-620-3898,airishjanerisma@gmail.com
1,283*,MISAMIS UNIVERSITY MEDICAL CENTER,"Bagakay Ozamiz City, Misamis Occidental",0928-7726367 / (088) 5212411 loc 102,sweety_irea@yahoo.com
1,-,"OSTREA MINERAL LABORATORIES, INC.","205 Tres Monta¤as Business Complex, JR Borja Ext. Gusa, Cagayan de Oro, Misamis Oriental",0917-8703636 / (088) 880-9070,omli.mindanao@gmail.com
1,10-002-14-LW-1,PROVINCIAL HEALTH OFFICE OF MISAMIS ORIENTAL WATER ANALYSIS LABORATORY,"Capitol Compound, Cagayan De Oro City, Misamis Oriental",0917-7069095 / 0935-0915052 / (08822) 729725,phomisor@yahoo.com
1,10-005-16-LW-2,THE FIRST ANALYTICAL SERVICES AND TECHNICAL COOPERATIVE (F.A.S.T LAB) - CAGAYAN DE ORO CITY,"281 2F Tan-Leh Bldg. CM Recto Ave., Lapasan, Cagayan De Oro, Misamis Oriental",0917-3753278 / (088) 852-4846 / (088) 880-8574,fastlabcdo@yahoo.com
1,10-011-2022-LW-1,VALENCIA CITY WATER DISTRICT WATER TESTING LABORATORY,"Purok 17, Poblacion Valencia City, Bukidnon",09270210645,vcwd.h2olab@gmail.com
1,11-027-1820-LW-2,"AQUA 8 TESTING LAB, INC.","G/F R&T Bldg. J.P. Laurel Ave., Davao City, Davao Del Sur",0919-0734493 / 0975-5976641 / (082) 238-5683,aqua8davao2018@gmail.com
1,11-021-1820-1,DAVAO CITY WATER DISTRICT WATER TESTING LABORATORY,"KM 2.5 MacArthur Highway, Matina, Davao City, Davao Del Sur",0933032462 / 082-2353293 loc 1721,laboratory_dcwd@yahoo.com
1,11-01-18-LW-1,DAVAO DEL NORTE PROVINCIAL HEALTH OFFICE WATER LABORATORY,"Government Center Capitol Compound, Mankilam, Tagum City",0948-9906688,rubyrosal53081@gmail.com
1,11-017-1820-LW-2,DAVAO DEL SUR PROVINCIAL WATER LABORATORY,"Lapu-Lapu, Digos, Davao Del Sur",0933-8533092 / 272-0997,veragrace.culango@yahoo.com
1,11-03-17-LW-1,DOST - REGIONAL STANDARDS AND TESTING LABORATORY - DAVAO,"Corner Dumanlas and Friendship Roads, Bajada, Bajada, Davao City, Davao Del Sur",0977-3421481 / (082) 227-1313,mapkabristante.dostxi@gmail.com
1,11-02-2022-LW-1,REGIONAL PUBLIC HEALTH LABORATORY,"J. P Laurel Avenue, Buhangin Davao City, Davao Del Sur",(082) 227-2731 loc 5095,jruwateranalysis@gmail.com
1,11-01-20-LW-1,TAGUM WATER DISTRICT LABORATORY,"National Highway, Mirafuentes District, Magugpo North, Tagum, Davao del Norte",0922-8368864 / (084) 216-6628,tagum_wd@yahoo.com.ph tagumwaterdistrict@gmail.com
1,12-0116-19-H3-1,COTABATO REGIONAL AND MEDICAL CENTER DEPARTMENT OF PATHOLOGY,"Sinsuat Ave. Cotabato City, Maguindanao",0920-9483301 / (064) 421-2340,crmclabh2o@gmail.com
1,12-0001-17-LW-1,GENERAL SANTOS CITY WATER DISTRICT,"E. Fernandez St. Lagao, General Santos City, South Cotabato",0942-5435373 / (083) 552-3824,gscwaterdistrict@yahoo.com
1,12-001-19-LW-1,METRO KIDAPAWAN WATER DISTRICT,"National Highway, Brgy. Lanao, Kidapawan City",0933-8507484 / (064) 577-3900,mkwdlab@gmail.com
1,12-0083-19-H2-1,SOUTH COTABATO PROVINCIAL,"Aguinaldo St. Koronadal City, South Cotabato",0917-3256396 / 083-2283206 ,scphlab18@gmail.com
1,16-03-20-H1-1,AGUSAN DEL NORTE  PROVINCIAL HOSPITAL,"Village 2, Libertad, Butuan, Agusan Del Norte",0930-4520792 ,adnphlaboratory@gmail.com
1,16-02-19-LW-1,BUTUAN CITY WATER DISTRICT LABORATORY,"Gov. Jose A. Rosales Avenue Butuan City, Agusan Del Norte",0956-0559408 / 0917-1331033 / 085 (342-3145),rockyroadpatrick@yahoo.com
1,16-0445-20-H2-1,D.O. PLAZA MEMORIAL HOSPITAL,"DOPMH Compound, Patin-ay, Agusan Del Sur",0949-9189229,guinzalfeddie@yahoo.com
1,16-0119-LW-1,SAN FRANCISCO WATER DISTRICT WATER TESTING LABORATORY,"Osme¤a St. Brgy. 2, San Francisco, Agusan",0917-8670234 / (085) 343-8623,sanfranzwd@gmail.com
1,16-01-17-LW-1,SURIGAO METROPOLITAN WATER DISTRICT WATER QUALITY LABORATORY,"Quano, Ceniza Heights, Surigao City, Surigao Del Norte, Surigao City, Surigao Del Norte",086-827-0720,-
1,03-001-212-LW-2,OPHIR GENPRIME LABORATORIES CO. LTD.,3rd Floor EPL Building General Luna Porac Pampanga ,9171733934,ophir.genprime.lab@gmail.com
1,13-007-16-LW-2,SL SOLANO WATER TESTING LABORATORY,#11 Pag-asa St. cor A. Bonifacio Brgy San Jose Q.C.,9566574446,
1,,MARIKINA CITY CLEAN FOOD AND WATER LABORATORY,"GROUND FLOOR COR. M. CRUZ & KAP. VENCIONG STS., STA ELENA MARIKINA",9611523939,
1,,PRECISION INTERNATIONAL RESEARCH AND DIAGNOSTIC LAB INC.,,,
