region_id,la,region,acc,name,address,contact,email,lab_email,hol,or,rate,perf,no,,perf_model
15,LA TRINIDAD,CAR,14-0002-2224-LW-1,BENGUET PROVINCIAL WATER ANALYSIS LABORATORY,"BCGH COMPOUND, KM5, LA TRINIDAD, BENGUET",09124664914 / 074-422-2895,phobenguet@yahoo.com.ph,phobenguet@yahoo.com.ph,"DE JOYA, VIRGINIA VILLALON ",5369618,0,EXCELLENT,WMTL-PT-24-CAR01,,E
15,LA TRINIDAD,CAR,14-0002-2224-LW-1,DOST- CAR REGIONAL STANDARDS TESTING LABORATORY ,"KM 6, BSU COMPOUND LA TRINIDAD BENGUET ",09664692205 / 09082338955,rstlcr@gmail.com,rstlcr@gmail.com,"PICPICAN, PEPITA SAONG",5399473,2,ACCEPTABLE,WMTL-PT-24-CAR02,,A
15,BAGUIO CITY,CAR,14-0039-24-CL-1,HEALTH SERVICES OFFICE - PUBLIC HEALTH LABORATORY,"00 T. ALONZO ST., BAGUIO CITY, BENGUET",09998060853 / (074) 442-6018,mycoleprae00@gmail.com,mycoleprae00@gmail.com,CELIA FLOR C. BRILLANTES,5416399,2,ACCEPTABLE,WMTL-PT-24-CAR03,,A
1,DAGUPAN CITY ,I,01-0001-2224-LW-1,DAGUPAN CITY WATER DISTRICT LABORATORY ,"NEW ADMINISTRATIVE BLDG, TAMBAC DIST. DAGUPAN CITY, PANGASINAN",09366772156 / 09178058893,rickynsison@gmail.com,rickynsison@gmail.com,"SISON, RICKY NAVARETTE",5346124,0,EXCELLENT,WMTL-PT-24-01004,,E
1,SAN FERNANDO,I,01-0002-2426-LW-1,DOST- REGIONAL 1 - REGIONAL STANDARDS AND TESTING LABORATORY ,"BRGY., CATBANGEN SAN FERNANDO LA UNION ",09291978906 / 09952757513,rstl@region1.dost.gov.ph,rstl@region1.dost.gov.ph,"ROSARIO, LENA CAMAYA ",5385549,0,EXCELLENT,WMTL-PT-24-01005,,E
1,LAOAG CITY,I,01-0002-2325--LW-1,ILOCOS NORTE WATER DISTRICT - WATER TESTING LABORATORY,"ANDRES BONIFACIO ST., LAOAG CITY, ILOCOS NORTE",09985903569 / 077-7720985,lab.primewaterilocosnorte@gmail.com,lab.primewaterilocosnorte@gmail.com,JENY A. BARRIO,5418119,1,HIGHLY SATISFACTORY,WMTL-PT-24-01006,,HS
1,SAN FERNANDO,I ,01-0358-21-H3-1,ILOCOS TRAINING AND REGIONAL MEDICAL CENTER ,"MCARTHUR HIGHWAY, BRGY. PARIAN CITY OF SAN FERNANDO LA UNION",09175682345 / 6076418 LOC 244,itrmc.laboratory@gmail.com,itrmc.laboratory@gmail.com,"ROSUMAN, BRENDA ILAR ",5370499,0,EXCELLENT,WMTL-PT-24-01007,,E
1,MALASIQUI,I,01-003-2426-LW-2,PANGASINAN SAFE WATER LABORATORY INC. ,"375 DMM VILLAGE, BRGY. TOBOR MALASIQUI PANGASINAN",9070505132,pangasinansafewaterlabinc@gmail.com,pangasinansafewaterlabinc@gmail.com,"VILORIA, JAYLORD PASCUA ",5330086,1,HIGHLY SATISFACTORY,WMTL-PT-24-01008,,HS
1,LINGAYEN ,I,01-0001-2325-LW-1,PROVINCIAL WATER BACTERIOLOGICAL LABORATORY ,"SOLIS ST. LINGAYEN DISTRICT HOSPITAL COMPOUND, POBLACION LINGAYEN PANGASINAN",9957568832,saquino42@yahoo.com,saquino42@yahoo.com,"AQUINO, SHELDON STEVEN CADPA ",5388102,0,EXCELLENT,WMTL-PT-24-01009,,E
1,DAGUPAN CITY,I,DOH000273,REGION I MEDICAL CENTER,"ARELLANO STREET, DAGUPAN CITY, PANGASINAN",09065705277 / 09397641668 / (075)515-8916 LOC 145,region1mclab@gmail.com,region1mclab@gmail.com,SHELDON STEVEN C. AQUINO,5379008,0,EXCELLENT,WMTL-PT-24-01010,,E
1,BACARRA,I,01-0002-2224-LW-2,SANDUGO MULTI-PURPOSE COOPERATIVE,"40 NATIONAL HI-WAY, BUYON, BACARRA, ILOCOS NORTE",09499043389 / 637076760691,lab@crystaldewddw.com,lab@crystaldewddw.com,ROLANDO A. DUQUEZ,5297016,2,ACCEPTABLE,WMTL-PT-24-01011,,A
2,TUGUEGARAO,II,02-005-2325-LW-1,CAGAYAN VALLEY CENTER FOR HEALTH DEVELOPMENT REGIONAL WATER LABORATORY,"MAHARLIKA HIGHWAY, CARIG NORTE, TUGUEGARAO CITY, CAGAYAN",9755457843,cvchdwaterlaboratory@gmail.com,cvchdwaterlaboratory@gmail.com,BRENDALYN A. GALLEBO,5389473,2,ACCEPTABLE,WMTL-PT-24-02012,,A
2,TUGUEGARAO,II,03-02-292-14-500-H3-1,CAGAYAN VALLEY MEDICAL CENTER WATER BACTERIOLOGY,"02 DLAAN NA PAGAYAYA, REGIONAL GOVT. CENTER, CARUG SUR, TUGUEGARAO CITY, CAGAYAN",09358832529 / (078) 302-0000-1017,cvmcbacteriology@gmail.com,cvmcbacteriology@gmail.com,SARAJANE U. BALISI,5406839,0,EXCELLENT,WMTL-PT-24-02013,,E
2,TUGUEGARAO,II,02-01-2325-LW-1,METROPOLITAN TUGUEGARAO WATER DISTRICT - WATER LABORATORY,"MAIN AVENUE, SAN GABRIEL, TUGUEGARAO CITY, CAGAYAN",09176308068 / (078) 844-1586,waterlab@mtwd.gov.ph,waterlab@mtwd.gov.ph,SARAJANE U. BALISI,5374778,2,ACCEPTABLE,WMTL-PT-24-02014,,A
2,BAYOMBONG,II,,NUEVA VIZCAYA PROVINCIAL PUBLIC HEALTH LABORATORY,"PIHO, CAPITOL COMPD., DISTRICT IV, B, BAYOMBONG, NUEVA VIZCAYA",09171197441 / 07 332 3000,pho.labnv@yahoo.com,pho.labnv@yahoo.com,NATHANAEL B. VIDAD,5409698,0,EXCELLENT,WMTL-PT-24-02015,,E
2,SANTIAGO,II,02-001-22-LW-1,SANTIAGO WATER DISTRICT WATER LABORATORY,SANWAD WATER TREATMENT PLANT - MABINI,09175547722 / (078) 3051131,sanwadwaterlab@yahoo.com,sanwadwaterlab@yahoo.com,DIWATA GRACE F. BAUSA,5398065,0,EXCELLENT,WMTL-PT-24-02016,,E
3,MALOLOS CITY,III,03-003-2224-LW-2,AMEER DIAGNOSTIC LABORATORY,"A. MABINI ST., MOJON, MALOLOS CITY, BULACAN",09255255504 / (044)798 6332,ameerdtk_lab@yahoo.com,ameerdtk_lab@yahoo.com,SUSANA P. QUIAOIT,5377445,0,EXCELLENT,WMTL-PT-24-03017,,E
3,ANGELES CITY,III,03-003-2325-LW-1,ANGELES CITY WATER DISTRICT LABORATORY,"ANGELES CITY WATER DISTRICT CENTRAL RESERVOIR COMPLEX FIRENDSHIP HI-WAY, BRGY. STO. DOMINGO, ANGELES CITY, PAMPANGA",09603841513 / 09496222220,acwdlab@gmail.com,acwdlab@gmail.com,OLIVER JOSE Q. PANLILIO,5304125,0,EXCELLENT,WMTL-PT-24-03018,,E
3,ANGELES CITY,III,03-0194-23-H3-2,ANGELES UNIVERSITY FOUNDATION MEDICAL CENTER,"MAC ARTHUR HI-WAY, ANGELES CITY, PAMPANGA",09088661127 / 045-625-2924 LOC. 2422 OR 2601,aufmc.laboratory6@gmail.com,aufmc.laboratory6@gmail.com,REMEDIOS O. ONG,5302033,0,EXCELLENT,WMTL-PT-24-03019,,E
3,CITY OF BALANGA,III,03-0020-24-H3-1,BATAAN GENERAL HOSPITAL AND MEDICAL CENTER,"MANAHAN ST., TENEJERO, CITY OF BALANGA, BATAAN",047-237-1275 LOC 6036,dpl.bghmc@gmail.com,dpl.bghmc@gmail.com,JEFFERSON B. MENDOZA,5412513,0,EXCELLENT,WMTL-PT-24-03020,,E
3,CABANATUAN CITY,III,03-003-221-LW-1,CABANATUAN CITY WATER DISTRICT WATER TESTING LABORATORY,"MAHARLIKA RD., DICARMA DISTRICT, CABANATUAN CITY, NUEVA ECIJA",09209788099 / (044) 463-1646 LOC. 505,ccdwaterlab@gmail.com,ccdwaterlab@gmail.com,SUSANA P. QUIAOIT,5293187,0,EXCELLENT,WMTL-PT-24-03021,,E
3,PAMPANGA ,III,03-001-21-LW-2,CLARK WATER CORPORATION,"DEPOT 1901 BICENTENNIAL HILL CLARK FREEPORT ZONE, ANGELES CITY, PAMPANGA",9997010020,rialyn.valencia@clarkwater.com,rialyn.valencia@clarkwater.com,AL-SHAIMAH A. ALONTO,5381650,0,EXCELLENT,WMTL-PT-24-03022,,E
3,CLARK FREEPORT ZONE,III,03-001-2325-LW-2,CRL ENVIRONMENTAL CORPORATION,"BLDG 2 BERTHAPHIL COMPOUND 1, BERTHAPHIL, INC., HOSE ABAD SANTOS AVE., CLARK FREEPORT ZONE, PAMPANGA",09175276352 / 045-599-3943,crl@crllabs.com,crl@crllabs.com,MARIA CARMELA Q. CAPULE,5300434,0,EXCELLENT,WMTL-PT-24-03023,,E
3,SAN FERNANDO,III,03-001-2224-LW-2,DIASERV LABORATORY WATER TESTING SERVICES,"PINMARA SQUARE BLDG., MAC ARTHUR HI-WAY, SINDALAN, SAN FERNANDO, PAMPANGA",09063643265 / (045) 455-4984,diaserv2000@gmail.com,diaserv2000@gmail.com,JOCELYN Q. GACASAN,5294395,1,HIGHLY SATISFACTORY,WMTL-PT-24-03024,,HS
3,PAMPANGA ,III,03-010-2325-LW-2,ECHEM ENVIRONMENTAL TESTING LABORATORY CORPORATION ,"BLK22 LOT6A GOLDEN SUN 999 INDUSTRIAL PARK, QUEZON ROAD, SAN PABLO LIBUTAD SAN SIMON PAMPANGA ",09171006320 / (045) 4352795,echemenvironmental@gmail.com,echemenvironmental@gmail.com,MAY ANN MEDRANO ESTAVILLO,5329710,0,EXCELLENT,WMTL-PT-24-03025,,E
3,SAN FERNANDO,III,03-006-2224-LW-2,EMINENT WATER LABORATORY CENTER (SAN FERNANDO PAMPANGA BRANCH),"BLK 1 LOT 4B BENITO ST., HOMESITE EXT. 2 SAN AGUSTIN, SAN FERNANDO, PAMPANGA",09228977869 / (045)-300-5956,jose_lim@eminentwater.com,jose_lim@eminentwater.com,SHERYL O. TESORIO,5372579,0,EXCELLENT,WMTL-PT-24-03026,,E
3,SAN FERNANDO,III,03-005-2224-LW-2,GLOBAL ELIXIR WATER LABORATORY CENTER / AQUA LAB CENTER,"#447 CO-KING BLDG., MC ARTHUR HI-WAY, SAN JOSE, SAN FERNANDO, PAMPANGA",09338673990 / (045) 624-2432,alcmayon@yahoo.com,alcmayon@yahoo.com,GABRIEL J. CRUZ,5297444,0,EXCELLENT,WMTL-PT-24-03027,,E
3,BULACAN,III,03-001-2123-LW-2,"LIPA QUALITY CONTROL CENTER, INC.","1650 ARCADIA BLDG., GOV. F. HALILI AVE., TURO, BOCAUE, BULACAN",09175125347 / 09175124657,resource.lqcci.north@gmail.com,resource.lqcci.north@gmail.com,CLARISSE V. VILLAROMAN,5391678,0,EXCELLENT,WMTL-PT-24-03028,,E
3,PAMPANGA ,III,03-001-2123-LW-2,OPHIR GENPRIME LABORATORIES CO. LTD.,"3RD FLOOR, GEN LUNA ST., PORAC, PAMPANGA",9171733934,ophir.genprime.lab@gmail.com,ophir.genprime.lab@gmail.com,GLENN MARK C. BORRES,5396304,2,ACCEPTABLE,WMTL-PT-24-03029,,A
3,BULACAN,III,03-003-2426-LW-2,PRECISIONE INTERNATIONAL RESEARCH AND DIAGNOSTIC LABORATORY INC.,"MARILAO-SAN JOSE ROAD, STA ROSA 1, MARILAO, BULACAN",9190028234,pird_qualitycontrol@precisionelab.com,pird_qualitycontrol@precisionelab.com,MARIECRIS DION JOSE,5388109,0,EXCELLENT,WMTL-PT-24-03030,,E
3,TARLAC CITY ,III,DOH050273,SCIENTIA TECH COMPANY ,"2ND FLOOR UNIT 2, JJJ BLDG SITIO PAG ASA, SAN RAFAEL TARLAC CITY, TARLAC ",09564383010 / 025842241,scientia.tech.co.@gmail.com,scientia.tech.co.@gmail.com,CHRISTIAN JAY BAUTISTA CAMBIADOR ,5364052,0,EXCELLENT,WMTL-PT-24-03031,,E
3,OLONGAPO,III,03-002-2224-LW-2,SUBIC WATER FREEPORT WATER LABORATORY,"BLDG 1055, BINICTICAN, SUBIC BAY FREEPORT ZONE",9171499183,julie.sapit@subicwater.com.ph,julie.sapit@subicwater.com.ph,JULIE MARIE M. SAPIT-GUEVARRA,5394627,0,EXCELLENT,WMTL-PT-24-03032,,E
3,TARLAC CITY ,III,216,TARLAC PROVINCIAL HOSPITAL,"HOSPITAL DRIVE, BRGY. SAN VICENTE, TARLAC CITY, TARLAC",9088907879,laboratorytph@yahoo.com,laboratorytph@yahoo.com,MICHELLE T. MIRANDA,5418689,0,EXCELLENT,WMTL-PT-24-03033,,E
4,TAYTAY,IV-A,4A-003-2325-LW-2,ACUAPHARMA INCORPORATED,"90 GONDOLA ST., SAN FFRANCISCO VILLAGE, GATE 2 BRGY. MUZON, TAYTAY, RIZAL",9171574511,acuapharma.inc@gmail.com,acuapharma.inc@gmail.com,SHARA MAE T. COLEGIO,5314289,2,ACCEPTABLE,WMTL-PT-24-4A034,,A
4,CALAMBA,IV-A,4A-0004-2325-LW-2 / 4A-01-2123-HDW-2,ALPHA LABORATORY CALAMBA PHILIPPINES CORPORATION,"LTO ROAD, REAL, CALAMBA, LAGUNA",09176329502 / (049) 545-9982,alphalabcalamba@gmail.com ,alphalabcalamba@gmail.com ,JAY-AR ROSANO,5297382,1,HIGHLY SATISFACTORY,WMTL-PT-24-4A035,,HS
4,IMUS,IV-A,4A-0006-2224-LW-2,AQUALAB ANALYTICAL SERVICES INC.,"BLK 39 LOT 1 GREEN ESTATE PHASE 3, MALAGASANG I-G, IMUS, CAVITE",09190874880 / (046) 686 - 3704,info@aqualabph.com,info@aqualabph.com,PAOLO ANTONIO E. CLEMENTE,5411305,0,EXCELLENT,WMTL-PT-24-4A036,,E
4,BATANGAS,IV-A,4A-005-2325-LW-1,BATANGAS CITY WATER DISTRICT LABORATORY (JOINT VENTURE WITH PRIMEWATER INFRASTRUCTURE CORP.),"KM4 NATIONAL HIGHWAY, ALANGILAN, BATANGAS",09985903497 / 043 723-4330,bcwd_lab@yahoo.com.ph,bcwd_lab@yahoo.com.ph,JENETH S. CATAPANG,5368509,0,EXCELLENT,WMTL-PT-24-4A037,,E
4,CALAMBA,IV-A,,CALAMBA WATER DISTRICT,"PUROK 4, BRGY.  BUCAL, CALAMBA CITY, LAGUNA",09178472301 / (049) 502-2188,paderesethel18@gmail.com,paderesethel18@gmail.com,ETHEL O. PADERES,5384653,0,EXCELLENT,WMTL-PT-24-4A038,,E
4,CARMONA CITY ,IV-A,4A-0006-2325-LW-1,CARMONA WATER LABORATORY ,SAN JOSE STREET BARANGAY 2 CARMONA CAVITE ,09267771006 / (046) 4435397,carmonawaterlab@gmail.com,carmonawaterlab@gmail.com,ROMIL MILLAN AGUIRRE ,5342917,1,HIGHLY SATISFACTORY,WMTL-PT-24-4A039,,HS
4,TRECE MARTIRES CITY,IV-A,4A-0004-2325-LW-1,CAVITE WATER & WASTEWATER TESTING LAB,"PROVINCIAL CAPITOL COMPOUND, BRGY. LUCIANO, TRECE MARTIRES CITY, CAVITE",09199507918 / (046) 514-2360,cwwtl@ro4a.dost.gov.ph,cwwtl@ro4a.dost.gov.ph,AGNES G. MORALES,5418064,0,EXCELLENT,WMTL-PT-24-4A040,,E
4,ROSARIO CITY,IV-A,,CEZ LABORATORY (OPERATED BY CRL CALABARQUEZ CORP),"ROAD B, PHASE IV-EXPANSION, CAVITE ECONOMIC ZONE, ROSARIO CITY, CAVITE",09175773960 / (046) 458 7215,cez;ab@crllabs.com,cez;ab@crllabs.com,MA. GWEN JANE P. LIMBACO,5413439,2,ACCEPTABLE,WMTL-PT-24-4A041,,A
4,SANTA ROSA CITY,IV-A,4A-0005-2224-LW-2,"COCA-COLA BEVERAGES PHILPPINES, INC. (CENTRAL LABORATORY SERVICES)","COCA-COLA BEVERAGES PHILIPPINES INC STA ROSA RGB PLANT, BRGY. PULONG SANTA CRUZ, SANTAA ROSA CITY, LAGUNA",09063632770 / (049) 541-3695,shiena.mina@coca-cola.com.ph,shiena.mina@coca-cola.com.ph,AMABELLE L. PEREA,5418068,1,HIGHLY SATISFACTORY,WMTL-PT-24-4A042,,HS
4,DASMARIÑAS,IV-A ,4A-0008-2325-LW-1,DASMARIÑAS WATER DISTRICT- WATER TESTING LABORATORY,"DASMARIÑAS WATER DISTRICT, CAMERINO AVENUE, BRGY. ZONE 1 ",9476409186,dasmawaterlab@eprimeonline.onmicrosoft.com,dasmawaterlab@eprimeonline.onmicrosoft.com,"MANUEL, IRA JOSHUA, SOLLEGUE",5399648,1,HIGHLY SATISFACTORY,WMTL-PT-24-4A043,,HS
4,BATANGAS,IV-A,DOH051265,FIEL LABORATORIES AND ENTERPRISE,"NEW DIVERSION ROAD, BANABA, SAN PASCUAL, BATANGAS",9174634927,bauanfiellaboratory@gmail.com,bauanfiellaboratory@gmail.com,MARIVIC P. ESMAS,5367334,0,EXCELLENT,WMTL-PT-24-4A044,,E
4,BIÑAN,IV-A,4A-0002-2123-LW-2,LAGUNA AAA WATER CORP. LABORATORY SERVICES SECTION,"8TH NORTH SCIENCE AVENUE, LTI, BIÑAN, LAGUNA",9177001454,nowel.ramos@lagunawater.ph,nowel.ramos@lagunawater.ph,ANNA KARLA S. GUTIERREZ,5383119,0,EXCELLENT,WMTL-PT-24-4A045,,E
4,SANTA CRUZ,IV-A,,LAGUNA PROVINCIAL HEALTH OFFICE WATER TESTING LABORATORY,"J. DE LEON, SANTA CRUZ, LAGUNA",09223092350 / (049) 501-1630,rabdtrinidad@gmail.com,rabdtrinidad@gmail.com,VIRGINIA L. FABROS,5400287,0,EXCELLENT,WMTL-PT-24-4A046,,E
4,Tayabas,IV-A,4A-0002-2224-LW-2,LEADSERV ANALYTICAL LABORATORY,"Lucena Diversion Road, Maharlika Hi-way",9190847109,lcadiente@yahoo.com,lcadiente@yahoo.com,LEONARDO S. CADIENTE,FOC,2,ACCEPTABLE,WMTL-PT-24-4A047,,A
4,LIPA CITY,IV-A,4A-0007-2325-LW-2,"LIPA QUALITY CONTROL CENTER, INC.","001 J.P. LAUREL NATIONAL HI-WAY, PUROK 4, BRGY. SICO, LIPA CITY, BATANGAS",09175745711 / (043) 702-8417,lqcc_aslmain@yahoo.com,lqcc_aslmain@yahoo.com,GERWIN M. ATIENZA,5296790,0,EXCELLENT,WMTL-PT-24-4A048,,E
4,LIPA CITY,IV-A,4A-0001-2426-LW-2,METRO LIPA WATER DISTRICT LABORATORY,"BRGY. BALINTAWAK, LIPA CITY, BATANGAS",09171370016 / (043) 740-0813,webmaster@metrolipawd.gov.ph,webmaster@metrolipawd.gov.ph,AIDA M. PLATON,5375480,1,HIGHLY SATISFACTORY,WMTL-PT-24-4A049,,HS
4,LIPA CITY,IV-A,4A-0004-2426-LW-2,"OPTIMAL LABORATORIES, INC.","PUROK I, BRGY. BALINTAWAK LIPA CITY BATANGAS ",09177098301 / (043) 7745037/ 2331149,documentcontrol@hotmail.com,documentcontrol@hotmail.com,JENNIFER RETANIA MARALIT ,5355636,0,EXCELLENT,WMTL-PT-24-4A050,,E
4,BIÑAN,IV-A,4A-0004-2123-LW-2,"OSTREA MINERAL LABORATORIES, INC.","BRGY ROAD BO. MAMPLASAN, BIÑAN, LAGUNA",02-8889-9058,customer.service@ostrealabs.com.ph,customer.service@ostrealabs.com.ph,MA. CRISTINA F. REFERENTE,53977898,0,EXCELLENT,WMTL-PT-24-4A051,,E
4,BATANGAS,IV-A,,PG-ENRO BATANGAS ENVIRONMENT LABORATORY,"BATANGAS, BATANGAS",09358364559 / (043) 786-1245,pgenrobel@gmail.com,pgenrobel@gmail.com,CHARYL LORRAINE H. ALORIA,5313340,2,ACCEPTABLE,WMTL-PT-24-4A052,,A
4,LOS BAÑOS CITY,IV-A,4A-0004-2224-LW-1,REGIONAL STANDARDS & TESTING LABORTORY DEPARTMENT OF SCIENCE & TECHNOLOGY IV-A,"JAMBOREE ROAD, TIMUGAN, LOS BAÑOS CITY, LAGUNA",09178652988 / (049) 5364390,rstl_dost4a@yahoo.com,rstl_dost4a@yahoo.com,JENNY S. BRONBURAC,5413435,0,EXCELLENT,WMTL-PT-24-4A053,,E
4,SAN PABLO CITY,IV-A,4A-012-2224-LW-2,SAN PABLO CITY WATER DISTRICT LABORATORY,"SPCWD COMPLEX, BRGY. SAN JOSE, SAN PABLO CITY, LAGUNA",09655738221 / (049) 502-8221,spcwdlaboratory@gmail.com,spcwdlaboratory@gmail.com,LEIGHANN CLAUDIA F. JONES,5421662,2,ACCEPTABLE,WMTL-PT-24-4A054,,A
4,STA. ROSA,IV-A,4A-015-2224-LW-2,SCIENTIA TECH COMPANY ,BLK 3 LOT 11 BRAIN TRAIN CENTER BRGY. DON JOSE STA .ROSA BUSINESS PARK STO.ROSA LAGUNA ,09564383010 / 025842241,scientia.tech.co.@gmail.com,scientia.tech.co.@gmail.com,CARL CHESTER FLOYD LUANSING GO,5364053,0,EXCELLENT,WMTL-PT-24-4A055,,E
4,CAINTA ,IV-A ,4A-050-2325-LW-2,SCIENTIA TECH COMPANY ,"KM 18 FELIX AVENUE, STO DOMINGO CAINTA RIZAL ",09564383010 / 025842241,scientia.tech.co.@gmail.com,scientia.tech.co.@gmail.com,CHRISTIAN JAY BAUTISTA CAMBIADOR ,5364054,0,EXCELLENT,WMTL-PT-24-4A056,,E
4,SAN PABLO CITY,IV-A,,SPC MICROTECH ANALYTICAL AND TESTING LABORATORY,"618 ALVAREZ ST., BRGY. SAN JOSE MALAMIG, SAN PABLO CITY, LAGUNA",09190834359 / 09272077865 / 049-5549892,archie.bello@spcmicrotech.com,archie.bello@spcmicrotech.com,ARCHIE MICHAEL J. BELLO,5316334,2,ACCEPTABLE,WMTL-PT-24-4A057,,A
4,BIÑAN,IV-A,4A-022-1820-LW-2,TECHNOPARK INDUSTRIAL LABORATORY INC.,"145 EAST MAIN AVE, LOOP ST, PHASE 6A, LAGUNA TECHNOPARK (INSIDE TRANSWORLD BUILDING), BIÑAN, LAGUNA",9188805324,inquiry.tili@gmail.com,inquiry.tili@gmail.com,RONA C. CANILAO,5389328,0,EXCELLENT,WMTL-PT-24-4A058,,E
4,STO. TOMAS,IV-A,4A-004-2325-LW-2,THE FIRST ANALYTICAL SERVICES AND TECHNICAL COOPERATIVE (F.A.S.T. LABORATORIES CALABARZON),"B1 L2 PHASE 1, PONTEVERDE DE STO. TOMAS, BRGY. SAN RAFAEL, STO TOMAS, BATANGAS",09175626337 / 09175234365 / (043)723-0424,microsupluzon.fastlaboratories@gmail.com,microsupluzon.fastlaboratories@gmail.com,DENNIS P. SIBONGGA,5371102,0,EXCELLENT,WMTL-PT-24-4A059,,E
4,MORONG,IV-A,4A-017-2224-LW-1,UNIVERSITY OF RIZAL SYSTEM FOOD ANALYTICAL AND RESEARCH SERVICES LABORATORY,"URS MORONG CAMPUS, J. SUMULONG ST., BRGY. SAN JUAN, MORONG, RIZAL",9061629989,foodtestlab@urs.edu.ph,foodtestlab@urs.edu.ph,RUDOLPH D. ABIBA,5414578,0,EXCELLENT,WMTL-PT-24-4A060,,E
5,PUERTO PRINCESA CITY,IV-B,4B-010-2123-LW-1,DOST MIMAROPA WATER TESTING LABORATORY,"GOVERNMENT CENTER, PUERTO PRINCESA CITY, PALAWAN",09178844332 / (048) 433-0489,rstl@mimaropa.dost.gov.ph,rstl@mimaropa.dost.gov.ph,NICOLLE MARIE J. TREYES,5233530,1,HIGHLY SATISFACTORY,WMTL-PT-24-4B061,,HS
5,CALAPAN CITY,IV-B,04B-376-18-30-H1-2,LUNA GOCO MEDICAL CENTER,"J.P RIZAL ST., CALAPAN CITY, ORIENTAL MINDORO",9190979152,lgmcpathology@gmail.com,lgmcpathology@gmail.com,MARIA LOURDES L. GOCO,5302827,0,EXCELLENT,WMTL-PT-24-4B062,,E
5,PUERTO PRINCESA CITY,IV-B,4B-023-2325-LW-1,PUERTO PRINCESA CITY WATER DISTRICT WATER TESTING LABORATORY,"SOUTH NATIONAL HIGHWAY, STA MONICA, PUERTO PRINCESA, PALAWAN",9171442006,lab@ppcwater.gov.ph,lab@ppcwater.gov.ph,MOHAMAD M. MANGOTARA,5398070,1,HIGHLY SATISFACTORY,WMTL-PT-24-4B063,,HS
6,LEGAZPI CITY ,V,05-007-2123-LW-1 / DOH 050273,BICOL SOUTH LUZON- SUB NATIONAL REFERENCE LABORATORY ,"DOH CHD V, COMPOUND BAGTANG ROAD LEGAZPI CITY ALBAY ",09478232722 / 742-5555 LOCAL NO.5571,bsl-snrl@bicol.doh.gov.ph,bsl-snrl@bicol.doh.gov.ph,RAYMUNDO BALA IBARRIENTOS,5341286,1,HIGHLY SATISFACTORY,WMTL-PT-24-05064,,HS
6,DAET,V,05-0001-2224-LW-1,CAMARINES NORTE WATER DISTRICT LABORATORY,"VINZONS AVENUE, LAG-ON, DAET, CAMARINES NORTE",09988423856 / (054) 8850-5553,cnwdlab@gmail.com,cnwdlab@gmail.com,RYAN J. RAMORES,5397546,0,EXCELLENT,WMTL-PT-24-05065,,E
6,LEGAZPI CITY ,V,,DOSTV-RSTL,"REGIONAL CENTER SITE, RAWIS. LEGAZPI CITY, ALBAY",,rstl@ro5.dost.gov.ph,rstl@ro5.dost.gov.ph,CRISTOPHER G. MILLENA,5402605,2,ACCEPTABLE,WMTL-PT-24-05066,,A
6,LEGAZPI CITY ,V,05-0001-2325-LW-2,H3G LABORATORY WATER TESTING SERVICES,"4 DKC BLDG., F. AQUENDE DRIVE, BRGY. 8 BAGUMBAYAN, LEGAZPI CITY, ALBAY",9993188041,h3gwatertesting@gmail.com,h3gwatertesting@gmail.com,HAEL LACHET L. GERMONES,5403276,2,ACCEPTABLE,WMTL-PT-24-05067,,A
6,NAGA CITY,V,05-003-2325-LW-1,METROPOLITAN NAGA WATER DISTRICT,"40 J. MIRANDA AVENUE, NAGA CITY, CAMARINES SUR",09153516800 / 472-1685 LOC 122,mnwaterdistrict@yahoo.com,mnwaterdistrict@yahoo.com,SUZETTE ANGEL C. BABAGAY,5379012,1,HIGHLY SATISFACTORY,WMTL-PT-24-05068,,HS
6,SORSOGON,V,05-05-030-14-100,SORSOGON PROVINCIAL HOSPITAL,"DIVERSION ROAD, MACABOG, SORSOGON, SORSOGON",9217731389,sphlab101@gnail.com,sphlab101@gnail.com,MADELINE D.L. RAÑOLA,5420318,0,EXCELLENT,WMTL-PT-24-05069,,E
7,ILOILO CITY ,VI,06-013-2224-LW-2,"ACA WATER ANALYSIS AND LABORATORY SERVICES, INC. -ILOILO ","120 AVANCEÑA ST. BRGY. SOUTH FOUNDIDOR, MOLO ILOILO CITY ",09702812577 / 79006583,acalab0918@gmail.com,acalab0918@gmail.com,MA. BEMERLY  JARDIOLIN-SIRA,59359933,0,EXCELLENT,WMTL-PT-24-06070,,E
7,KALIBO,VI,06-002-2224-LW-1,AKLAN FOOD AND WATER TESTING LABORATORY,"RIGHT WING, PROVINCIAL CAPITOL, ANNEX BUILDING, KALIBO, AKLAN",(036) 272-7000 LOC 6300,AKCNROLABORATORY@YAHOO.COM.PH,AKCNROLABORATORY@YAHOO.COM.PH,,,0,EXCELLENT,WMTL-PT-24-06071,,E
7,ILOILO ,VI,06-003-2325-LW-2,"ASTS ANALYTICAL SOLUTIONS  AND TECHNICAL SERVICES ILOILO, INC. ","JALANDANI ESTATE, LAPUZ ILOILO",09173058082 / (033) 5014269,astslabiloilo@yahoo.com,astslabiloilo@yahoo.com,GRACE J. BARON ,5338082,2,ACCEPTABLE,WMTL-PT-24-06072,,A
7,BACOLOD CITY,VI,06-001-2224-LW-1,BACIWA WATER LABORATORY,"CORNER GALO-SAN JUAN ST., BRGY. 12, BACOLOD CITY, NEGROS OCCIDENTA;",09252403900 / 034 458 7227,laboratory.primewaterbcd@gmail.com,laboratory.primewaterbcd@gmail.com,DAISY V. DESENGAÑO,5410072,0,EXCELLENT,WMTL-PT-24-06073,,E
7,ILOILO CITY ,VI,06-004-2325-LW-2,C.P.U. WATER LAB ,LOPEZ-JAENA ST. ILOILO CITY ,9661384709,waterlab@cpu.edu.ph,waterlab@cpu.edu.ph,c/o DAHLIA H. PESCOS ,5353463,0,EXCELLENT,WMTL-PT-24-06074,,E
7,ILOILO CITY,VI,06-002-17-LW-1,DEPARTMENT OF SCIENCE AND TECHNOLOGY REGION VI REGIONAL STANDARDS AND TESTING LABORATORY,"MAGSAYSAY VILLAGE, LA PAZ, ILOILO CITY, ILOILO",09088917085 / (033) 330 1565 LOC. 108,rstl@ro6.dost.gov.ph,rstl@ro6.dost.gov.ph,MA. LINA B. GELONGA,5416123,0,EXCELLENT,WMTL-PT-24-06075,,E
7,ROXAS,VI,06-001-2325-LW-2,GEM'S AQUA WATER ANALYSIS LABORATORY,"ROXAS, CAPIZ",9956430261,ramirezghninz@gmail.com,ramirezghninz@gmail.com,ELLEN JOY F. DURAN,5421653,2,ACCEPTABLE,WMTL-PT-24-06076,,A
7,ILOILO CITY,VI,06-0001-2123-LW-2,JB FASTEST WATER TEST CO,"78 HECHANOVA ST., NABITASAN, LAPAZ ILOILO", 09177995617 / (033) 5094164,jbwaterlab@yahoo.com,jbwaterlab@yahoo.com,ANELINE P. TOLONES,5300318,0,EXCELLENT,WMTL-PT-24-06077,,E
7,MALAY,VI,06-004-2224-LW-1,MALAY MUNICIPAL HEALTH OFFICE CLINICAL LABORATORY,"AKLAN WEST ROAD, POBLACION, MALAY, AKLAN",09399023361 / (036) 288 8783/8718,mhomalay@gmail.com,mhomalay@gmail.com,ELLEN JOY F. DURAN,5391473,0,EXCELLENT,WMTL-PT-24-06078,,E
7,BACOLOD CITY,VI,06-0002-2123-LW-2,NEGROS PRAWN PRODUCERS COOPERATIVE ANALYTICAL AND DIAGNOSTIC LABORATORY,"DOOR 1 & 2, NOLFKI BLDG. 6TH ST, BRGY 7, BACOLOD CITY, NEGROS OCCIDENTAL",09398290944 / (034) 433-2131,r.usero@yahoo.com,r.usero@yahoo.com,ROSELYN C. USERO,5368502,1,HIGHLY SATISFACTORY,WMTL-PT-24-06079,,HS
7,BACOLOD CITY,VI,06-06-089-14-300-H3-1,WESTERN VISAYAS MEDICAL CENTER,"Q. ABETO ST., MANDURRIAO, ILOILO CITY",09177200915 / (033) 321-2841 LOC. 239 OR 236,wateranalysiswvmc@gmail.com,wateranalysiswvmc@gmail.com,MA. BEMERLY P. JARDIOLIN-SIRA,5311598,1,HIGHLY SATISFACTORY,WMTL-PT-24-06080,,HS
8,ILOILO CITY,VII,07-03-2022-LW-1,BOHOL PROVINCIAL HEALTH OFFICE WATER TESTING LABORATORY,"DAO DISTRICT, TAGBILARAN CITY, BOHOL",09433074468 / 09208954965,boholwaterlaboratory@gmail.com,boholwaterlaboratory@gmail.com,GREG JULIUS D. SODUSTA,5405599,1,HIGHLY SATISFACTORY,WMTL-PT-24-07081,,HS
8,TAGBILARAN CITY,VII,07-WL-2014-005-G,CEBU CITY HEALTH DEPARTMENT,"GEN. MAXILOM AVE. EXT., CARRETA, DEBU CITY, CEBU",9955576351,ccgd.laboratory@gmail.com,ccgd.laboratory@gmail.com,ALICE MARIE L. AYCARDO,5406185,0,EXCELLENT,WMTL-PT-24-07082,,E
8,CONSOLACION,VII,07-020-2325-LW-2,CEBU LABORATORY WATER TESTING SERVICES ,"2F-8 LARAY ROAD CANSAGA CONSOLACION, CEBU ",9186492206,safewatercebu@gmail.com,safewatercebu@gmail.com,DR. JUDITO CABALLERO,,0,EXCELLENT,WMTL-PT-24-07083,,E
8,CEBU CITY,VII,07-007-2224-LW-1,DOH CENTRAL VISAYAS WATER TESTING LABORATORY,"DOH CVCHD, CEBU SOUTH ROAD PROPERTIES, CEBU CITY, CEBU",9275548237,watertestinglab@ro7.doh.gov.ph,watertestinglab@ro7.doh.gov.ph,ALMA E. MALILONG,5379007,1,HIGHLY SATISFACTORY,WMTL-PT-24-07084,,HS
8,MANDAUE,VII,0707-WL-2,FAST LABORATORIES - CEBU,"MC BRIONES ST., HI-WAY GUIZO, MANDAUE, CBEU",09176238797 / 09175626231,fastmandaue@gmail.com,fastmandaue@gmail.com,,5296389,2,ACCEPTABLE,WMTL-PT-24-07085,,A
8,DUMAGUETE,VII,07-04-2022-LW-2,HEALTH CARE DIAGNOSTIC CENTER,"2ND FLR GOBONSENG BLDG FRONTING NOPH NORTHROAD DARO, DUMAGUETE, NEGRO ORIENTAL",09175893484 / (035) 422-2189,hcdc_888@yahoo.com,hcdc_888@yahoo.com,LEOPOLDO R. HORTALEZA JR,5300320,2,ACCEPTABLE,WMTL-PT-24-07086,,A
8,MANDAUE,VII,07-01-2022-LW-2,INTERTEK TESTING SERVICES PHILIPPINES INC,"DOOR 3, TTI BLDG., NORTHROAD, TABOK, MANDAUE, CEBU",09989607163 / (032) 252-1030,food.cebu@intertek.com,food.cebu@intertek.com,SHIELA MARIE D. VIRGO-SALINAS,5300422,2,ACCEPTABLE,WMTL-PT-24-07087,,A
8,LAPU-LAPU CITY,VII,07-05-2022-LW-2,"MACTAN ROCK INDUSTRIES, INC.","SUBA BASBAS, LAPU-LAPU CITY, CEBU",09992264587 / (037) 268-2432,lab.operations@mactanrock.com,lab.operations@mactanrock.com,CORAZON M. YGOÑA,5413707,2,ACCEPTABLE,WMTL-PT-24-07088,,A
8,MANDAUE CITY,VII,07-018-2224-LW-2,MANDAUE LABORATORY WATER TESTING SERVICES,"UNIT 305 AWPM BLDG., MC BIRONES ST., MANDAUE CITY, EBU",09680019813 / (032) 503-5636,mandauewaterlab@gmail.com,mandauewaterlab@gmail.com,THEODORE M. ZAMORA,5405619,0,EXCELLENT,WMTL-PT-24-07089,,E
8,DUMAGUETE,VII,07-024-2325-LW-2,"METRO PACIFIC DUMAGUETE WATER SERVICES, INC.","L2 ANNEX SCWD BLDG., DIEGO DE LA VIÑA ROAD, DARO, DUMAGUETE, NEGROS ORIENTAL",09189471648 / (35) 522-1263 LOC 405,lab@dgtwater.com,lab@dgtwater.com,CAMILLE MARIE E. CABRERA,5369617,2,ACCEPTABLE,WMTL-PT-24-07090,,A
8,CEBU CITY,VII,07-WTL-2018-005-G,METROPOLITAN CEBU WATER DISTRICT,"NASIPIT TALAMBAN, CEBU",09568472981 / 2548434-39 LOC 800/801,orlilourdesm@yahoo.com,orlilourdesm@yahoo.com,MARIA HELEN V. ARAGONES,5411248,1,HIGHLY SATISFACTORY,WMTL-PT-24-07091,,HS
8,MANDAUE,VII,07-01-2023-LW-2,"OSTREA MINERAL LABORATORIES, INC.","RJ OUANO BLDG, MC BRIONES ST., BAKILID, MANDAUE CITY, CEBU",09458056669 / (032) 343-6472,sheenajoycadelinia.ostrealabs@gmail.com,sheenajoycadelinia.ostrealabs@gmail.com,SHEENA JOY C. CADELINIA,5397846,2,ACCEPTABLE,WMTL-PT-24-07092,,A
8,LAPU-LAPU CITY,VII,,"SGS PHILIPPINES, INC.","MAXIMO PATALINGHUG JR. AVE., BASAK, LAPU-LAPU CITY, CEBU",9178328417,rosario.castillo@sgs.com,rosario.castillo@sgs.com,ROSARIO O. CASTILLO,5297910,0,EXCELLENT,WMTL-PT-24-07093,,E
8,TALISAY CITY,VII,07-07-2021-LW-2,TALISAY WATER LAB,"SANGI TALISAY CITY, CEBU",09176237319 / (032) 462-3443,talisaywaterlab@yahoo.com,talisaywaterlab@yahoo.com,HAROLD N. MENCHAVEZ,5311600,0,EXCELLENT,WMTL-PT-24-07094,,E
8,CEBU CITY,VII,,UNIVERSITY OF SAN CARLOS WATER LABORATORY,"NASIPIT TALAMBAN, CEBU",09088802985 / (032)4012300 LOC. 110,waterlab@usc.edu.ph,waterlab@usc.edu.ph,MARIE KRISTIE B. REYES,5324904,1,HIGHLY SATISFACTORY,WMTL-PT-24-07095,,HS
8,CEBU CITY,VII,,VICENTE SOTTO MEMORIAL MEDICAL CENTER,"B. RODRIGUEZ ST., CEBU CITY, CEBU",09209707690 / 032-2635349,pathology@vsmmc.doh.gov.ph,pathology@vsmmc.doh.gov.ph,REYNETTE CHRISTINE J. LIGARAY,5416400,1,HIGHLY SATISFACTORY,WMTL-PT-24-07096,,HS
9,CALBAYOG CITY,VIII,08-008-2224-LW-2,"CALBAYOG WATER COMPANY, INC.","PUROK 4, BRGY. CAPOOCAN, CALBAYOG CITY, SAMAR",9178188563,janice.maribojoc@manilawater.com,janice.maribojoc@manilawater.com,JANICE R. MARIBOJOC,5371618,1,HIGHLY SATISFACTORY,WMTL-PT-24-08097,,HS
9,"PALO, LEYTE",VIII,08-001-2224-LW-1,DEPARTMENT OF SCIENCE AND TECHNOLOGY 8 - REGIONAL STANDARDS AND TESTING LABORATORY,"BRGY. CANDAHUG, GOVERNMENT CENTER, PALO, LEYTE",09366859286 / 09362146681 / (053) 888-0948,dost8rstl@gmail.com,dost8rstl@gmail.com,EMMANUEL E. LAGDAMEN,5300319,0,EXCELLENT,WMTL-PT-24-08098,,E
9,TACLOBAN CITY,VIII,DOH 051031,EASTERN VISAYAS MEDICAL CENTER,"MAGSAYSAY BLVD., BRGY. 1 & 4 LIBERTAD, TACLOBAN CITY, LEYTE",09275907106 / 09267175978,evmcwatertestinglab@gmail.com,evmcwatertestinglab@gmail.com,CELOCITA P. PORTULA,5421654,1,HIGHLY SATISFACTORY,WMTL-PT-24-08099,,HS
9,TACLOBAN,VIII,08-002-2224-LW-2,PRIMEWATER LEYTE METRO WATER ANALYSIS LABORATORY,"NULA-TULA, TACLOBAN, LEYTE",9926862339,klg.primewatercorp@gmail.com,klg.primewatercorp@gmail.com,CLEOCITA PARILLA PORTULA ,5371621,0,EXCELLENT,WMTL-PT-24-08100,,E
10,ZAMBOANGA,IX,DOH 050927,CHEMPRO ANALYTICAL SERVICES LABORATORIES INC. ,"3/F MPO CENTER, DON ALFARO ST., TETUAN, ZAMBOANGA, ZAMBOANGA DEL SUR",09183885229 / (062) 990-1167,chemprozam@gmail.com,chemprozam@gmail.com,DHARMATOV RAHULA ALBANO,5367974,1,HIGHLY SATISFACTORY,WMTL-PT-24-09101,,HS
10,DIPOLOG,IX,09-03-24-CL-2,THE AGAPE HEALTH CARE CENTER,"35 F. HERRERA ST. COR. T. CLAUDIO ST., MIPUTAK, DIPOLOG, ZAMBOANGA DEL NORTE",09178386893 / (065) 212-7055,agape.health@yahoo.com,agape.health@yahoo.com,CHONILO O. RUIZ,5297381,0,EXCELLENT,WMTL-PT-24-09102,,E
10,ZAMBOANGA,IX,DOH010425,ZAMBOANGA CITY MEDICAL CENTER,"DR. EVANGELISTA STREET, STA. CATALINA, ZAMBOANGA CITY, ZAMBOANGA DEL SUR",09177153016 / 0997048363,zcmcpathology@gmail.com,zcmcpathology@gmail.com,AL-ZAMZAM A. ABUBAKAR,5369614,0,EXCELLENT,WMTL-PT-24-09103,,E
11,MALAYBALAY CITY,X,10-001-2426-LW-2,AJ H2O MICRO LAB,"P-5 CASISANG ST., MALAYBALAY CITY, BUKIDNON",9178378400,ajmicrolab16@gmail.com,ajmicrolab16@gmail.com,JERRY C. ABROGUENA,5410070,0,EXCELLENT,WMTL-PT-24-10104,,E
11,OROQUIETA CITY,X,10-0021-24-H2-1,MISAMIS OCCIDENTAL PROVINCIAL HOSPITAL - WATER TESTING LABORATORY,"INDEPENDENCE ST., LOWER LANGCANGAN, OROQUIETA CITY, MISAMIS OCCIDNETAL",09171562642 / (088) 531-2244-2246,muphlaboratory2017@yahoo.com,muphlaboratory2017@yahoo.com,HAROLD L. TEE,5420319,0,EXCELLENT,WMTL-PT-24-10105,,E
11,OZAMIZ CITY,X,10-0012-24-H2-2,MISMAIS UNIVERSITY MEDICAL CENTER,"BAGAKAY OZAMIZ CITY, MISAMIS OCCIDENTAL",09485860116 / (088) 521-2411 LOC. 102,mumclaboratory@gmail.com,mumclaboratory@gmail.com,HAROLD L. TEE,5301611,2,ACCEPTABLE,WMTL-PT-24-10106,,A
11,CAGAYAN DE ORO,X,10-001-2325-LW-2,"OSTREA MINERAL LABORATORIES, INC.","205 TRES MONTAÑAS BUSINESS COMPLEX, JR BORJA EXT., GUSA, CAGAYAN DE ORO CITY, MISAMIS ORIENTAL",09264011011 / (088) 880-9070,komlbacte@gmail.com,komlbacte@gmail.com,KISHA MARIE T. HALLAZGO,5397849,0,EXCELLENT,WMTL-PT-24-10107,,E
11,CAGAYAN DE ORO,X,10-005-16-LW-2,THE FIRST ANALYTICAL SERVICES AND TECHNICAL COOPERATIVE (F.A.S.T. LABORATORIES CADAGAYAN DE ORO),"281 2/F TAN-LEH BLDG, CM. RECTO AVE., LAPASAN, CAGAYAN DE ORO, MISAMIS ORIENTAL",09175626339 / (088) 852-4846,lovebethmendoza.fastlab@gmail.com,lovebethmendoza.fastlab@gmail.com,MA. LOVEBETH S. MENDOZA,5301066,1,HIGHLY SATISFACTORY,WMTL-PT-24-10108,,HS
11,VALENCIA CITY ,X,10-001-2325-LW-1,VALENCIA CITY WATER DISTRICT WATER TESTING LABORATORY ,"PUROK 17, POBLACION VALENCIA CITY ",09270210645 / 09190658234 / 088-828-2057,laboratory@vcwd.gov.ph,laboratory@vcwd.gov.ph,RACHEL PRANTILLA ALEGATA ,5355067,0,EXCELLENT,WMTL-PT-24-10109,,E
11,ILIGAN CITY,X,10-006-2123-LW-2,WATER-LIFE LABORATORY WATER TESTING SERVICES,"0001 TONGCO ST., PUROK 12, BRGY. TOMINABO, ILIGAN CITY, LANAO DEL NORTE",09656459151 / (063) 302-7267,waterlifelaboratory@gmail.com,waterlifelaboratory@gmail.com,CHONILO O. RUIZ,5204685,1,HIGHLY SATISFACTORY,WMTL-PT-24-10110,,HS
12,DAVAO CITY,XI,11-007-2325-LW-2,"APO AGUA INFRASTRUCTURA, INC.","PUROK 6-A, SAN MIGUEL GUMALANG, BAGUIO DISTRICT, DAVAO CITY, DAVAO DEL SUR",9178400036,aaiilaboratory@apoagua.com,aaiilaboratory@apoagua.com,MARILOU T. DACUTAN,5418083,0,EXCELLENT,WMTL-PT-24-11111,,E
12,DAVAO CITY,XI,11-05-2426-LW-1,"AQUA 8 TESTING LAB, INC","G/F R AND T YAP BLDG., J.P. LAUREL AVE., DAVAO CITY, DAVAO DEL SUR",09190734493 / (082) 238-5683,auqa8davao2018@gmail.com,auqa8davao2018@gmail.com,EDMUNDO J. VISITACION JR.,5406198,0,EXCELLENT,WMTL-PT-24-11112,,E
12,DAVAO CITY,XI,11-03-2325-LW-1,"DAVAO ANALYTICAL LABORATORIES, INC","COR. UNION AVENUE, MAC ARTHUR HIGHWAY, MATINA, BRGY. MATINA CROSSING, DAVAO CITY, DAVAO DEL SUR",09495066881 / (082)297-3278,dalinc_03@yahoo.com,dalinc_03@yahoo.com,JUNE ANN ADRIENNE T. BONILLA,5371080 / 5370495,1,HIGHLY SATISFACTORY,WMTL-PT-24-11113,,HS
12,DAVAO CITY,XI,11-01-2426-LW-1,DAVAO CITY WATER DISTRICT WATER TESTING LABORATORY,"KM 2.5 MAC ARTHUR HIGHWAY MATINA, DAVAO CITY, DAVAO DEL SUR",0933032461 / 082-235-3293,dcwdlaboratories@gmail.com,dcwdlaboratories@gmail.com,ALMA JUDITH J. CANSON,5373183,0,EXCELLENT,WMTL-PT-24-11114,,E
12,TAGUM CITY,XI,11-03-2123-LW-1,DAVAO DEL NORTE PROVINCIAL HEALTH OFFICE WATER LABORATORY,"CAPITOL COMPOUND, TAGUM CITY, DAVAO DEL NORTE",9456757691,davnorcdrs@gmail.com,davnorcdrs@gmail.com,MARY ANNE L. BERNAS,5316291,1,HIGHLY SATISFACTORY,WMTL-PT-24-11115,,HS
12,DIGOS,XI,11-04-2426-LW-1,DAVAO DEL SUR PROVINCIAL WATER LABORATORY,"LAPU LAPU ST, ZONE 3, DIGOS, DAVAO DEL SUR",9095254212,veragracemorales@gmail.com,veragracemorales@gmail.com,OSCAR P. GRAGEDA,5397545,2,ACCEPTABLE,WMTL-PT-24-11116,,A
12,DAVAO CITY,XI,11-02-23-25-LW-1,DEPARTMENT OF SCIENCE & TECHNOLOGY XI,"COR. DUMANLAS & FRIENDSHIP ROADS, BAJADA, DAVAO CITY, DAVAO DEL SUR",09127343685 / (082) 227-1313,microbiology@region11.dost.gov.ph,microbiology@region11.dost.gov.ph,BENJAMINV.D. ESTRELLADO,5405598,0,EXCELLENT,WMTL-PT-24-11117,,E
12,DAVAO CITY,XI,,MINDANAO TESTING CENTER FOR WATER AND ANALYTICAL TOXICOLOGY ,"FRIENDSHIP ROAD, DUMANLAS, BUHANGIN DAVAO CITY  ",09163899697 / 082-2272731 LOC. 5094,regionalwaterlabxi@gmail.com,regionalwaterlabxi@gmail.com,SHEILA N. RAMOS ,5355075,0,EXCELLENT,WMTL-PT-24-11118,,E
12,DAVAO CITY,XI,,"SGS PHILIPPINES, INC.","KILOMETER 5 BUHANGIN-LAPANDAY RD., BUHANGIN, DAVAO CITY, DAVAO DEL SUR",9209515714,caerel.orosio@sgs.com,caerel.orosio@sgs.com,CAEREL L. OROSIO,5297912,0,EXCELLENT,WMTL-PT-24-11119,,E
12,TAGUM CITY,XI,11-01-2325-LW-1,TAGUM WATER DISTRICT LABORATORY,"NATIONAL HIGHWAY, MAGUGPO NORTH, TAGUM CITY, DAVAO DEL NORTE",09171271879 / (084) 216 6628,twdlaboratory@gmail.com,twdlaboratory@gmail.com,ARJUN L. DUMAAN,5374602,0,EXCELLENT,WMTL-PT-24-11120,,E
12,DAVAO CITY,XI,11-06-2426-LW-2,UNIVERSITY OF THE IMMACULATECONCEPTION - SCIENCE RESOURCE CENTER,"FATHER SELGA ST., DAVAO, DAVAO DEL SUR",09286546282 / (082) 2218181 LOC 133,src@uic.edu.ph,src@uic.edu.ph,LUDIVINA M. PORTICOS,5375489,1,HIGHLY SATISFACTORY,WMTL-PT-24-11121,,HS
13,COTABATO CITY ,XII,13-0080-23-H3-1,COTABATO REGIONAL AND MEDICAL CENTER ,"SINSUAT AVENUE, COTABATO CITY ",9209137727,laboratory@crmc.doh.gov.ph,laboratory@crmc.doh.gov.ph,NENA SALCEDO LINGAYON,5336728,2,ACCEPTABLE,WMTL-PT-24-12122,,A
13,GENERAL SANTOS CITY,XII,12-025-2325-LW-1,GENERAL SANTOS CITY WATER DISTRICT,"DIVERSION ROAD, PUROK NOPOL, CONEL, GENERAL SANTOS CITY, SOUTH COTABATO",09425435373 / (083) 552-3824,gscwaterdistrict@yahoo.com,gscwaterdistrict@yahoo.com,MA. RITA B. BARRIESES,5379006,0,EXCELLENT,WMTL-PT-24-12123,,E
13,GENERAL SANTOS CITY,XII,12-008-2123-LW-2,MEDZONE DIAGNOSTIC CENTER,"J. CATOLICO SR. AVENUE, BRGY. LAGAO, GENERAL SANTOS, SOUTH COTABATO",0909727357 / (083) 552-5797,medzone_dc@yahoo.com,medzone_dc@yahoo.com,NENA S. LINGAYON,5418074,1,HIGHLY SATISFACTORY,WMTL-PT-24-12124,,HS
13,GENERAL SANTOS CITY,XII,N/A,"OSTREA MINERAL LABORATORIES, INC. - GENERAL SANTOS CITY BRANCH","PUROK  MALIWANAG, BRGY CALUMPANG, GENERAL SANTOS CITY, SOUTH COTABATO",9773286917,ostrea.gensan@gmail.com,ostrea.gensan@gmail.com,"JAIME H. ACAPULCO, JR",5397848,0,EXCELLENT,WMTL-PT-24-12125,,E
13,CITY OF KORONDAL,XII,12-0069-22-H2-1,SOUTH COTABATO PROVINCIAL HOSPITAL,"AGUINALDO ST., BRGY ZONE 3, CITY OF KORONDAL, SOUTH COTABATO",09177269214 / 083-228-3206,scph69@gmail.com,scph69@gmail.com,VITA B. GASATAYA,5418205,0,EXCELLENT,WMTL-PT-24-12126,,E
13,KABACAN,XII,12-003-2123-LW-1,USM-CSM MICROBIOLOGICAL AND CHEMICAL TESTING LABORATORY,"BAI MATABAY PLANG AVNEUE, POBLACION, KABACAN, NORTH COTABATO",9438967072,usmwaterlan@gmail.com,usmwaterlan@gmail.com,MARIA ELENA NEYRA-TANABE,5410071,1,HIGHLY SATISFACTORY,WMTL-PT-24-12127,,HS
16,BUTUAN CITY,XIII,16-03-23-H1-1,AGUSAN DEL NORTE PROVINCIAL HOSPITAL,"VILLAGE 2, LIBERTAD, BUTUAN CITY, AGUSAN DEL NORTE",09694667283 / 09483672645,adnphlaboratory@gmail.com,adnphlaboratory@gmail.com,EDGARDO B. ABADIANO,5391474,0,EXCELLENT,WMTL-PT-24-13128,,E
16,BUTUAN CITY,XIII,16-02-22-LW-1,BUTUAN CITY WATER DISTRICT LABORATORY,"BUTUAN CITY, AGUSAN DEL NORTE",09171331033 / 085-34233145,rodcyroadpatrick@yahoo.com,rodcyroadpatrick@yahoo.com,AL PATRICK M. DELA CALZADA,5403274,1,HIGHLY SATISFACTORY,WMTL-PT-24-13129,,HS
16,SURIGAO CITY,XIII,WMLA-22-1078,CARAGA REGIONAL HOSPITAL,"RIZAL ST., BRGY. WASHINGTON, SURIGAO CITY, SURIGAO DEL NORTE",09105962602 / (086) 826-0497 LOC. 226 OR 226,crh_microbiology@yahoo.com,crh_microbiology@yahoo.com,ISABELLE B. BAISAC,5303625,0,EXCELLENT,WMTL-PT-24-13130,,E
16,PROSPERIDAD,XIII,DOH 004611,D.O. PLAZA MEMORIAL HOSPITAL,"PUROK 2, GOVERNMENT CENTER, BRGY. PATIN-AY, PROSPERIDAD, AGUSAN DEL SUR",9105723722,dopmhclinlab22@gmail.com,dopmhclinlab22@gmail.com,RAUL VENERANDO B. ATUPAN JR.,5418071,0,EXCELLENT,WMTL-PT-24-13131,,E
16,SAN FRANCISCO CITY,XIII,16-01-22-LW-1,SAN FRANCISCO WATER DISTRICT,"OSMEÑA ST., SAN FRANCISCO CITY, AGUSAN DEL NORTE",09816056988 / 085-839-0457,sanfranzwd@gmail.com,sanfranzwd@gmail.com,RUBEN M. JARABATA JR.,5416563,0,EXCELLENT,WMTL-PT-24-13132,,E
16,SURIGAO CITY,XIII,16-002-2325-LW-1,SURIGAO METROPOLITAN WATER DISTRICT WATER QUALITY LABORATORY,"KM2 NATIONAL HIGHWAY, SURIGAO CITY, SURIGAO DEL NORTE",9385582811,mickeymedtek@gmail.com,mickeymedtek@gmail.com,DINO RAPHAEL K. ABADIANO,5393540,0,EXCELLENT,WMTL-PT-24-13133,,E
14,QUEZON CITY ,NCR,13-0005-2224-LW-2,"ACA WATER ANALYSIS AND LABORATORY SERVICES, INC. -QC ","SCOUT CHUATOCO, ROXAS DISTRICT QUEZON CITY METRO MANILA ",09373390210 / 79006583,acalab0918@gmail.com,acalab0918@gmail.com,EDITH SANGALANG TRIA ,5359934,1,HIGHLY SATISFACTORY,WMTL-PT-24-NCR134,,HS
14,QUEZON CITY,NCR,13-014-2224-LW-2,ACCUTEQS DIAGNOSTICS,"257 A. BONIFACIO AVE. COR. PAG-ASA ST., BRGY. SAN JOSE, QUEZON CITY, METRO MANILA",09666432062 / (02) 8-364-1712,accuteqslaboratory@gmail.com,accuteqslaboratory@gmail.com,MIRIAN N. DE LEON-VITERBO,54163880,1,HIGHLY SATISFACTORY,WMTL-PT-24-NCR135,,HS
14,QUEZON CITY,NCR,13-0001-2123-LW-2,AERONICS INCORPORATED,"19 ASHLEY ST., NORTH FAIRVIEW PARK SUBD., NORTH FAIRVIEW, QUEZON CITY",09209548792 / 8935-4861,aeronicsmain@gmail.com,aeronicsmain@gmail.com,JOSE S. SOLIS,5205964,0,EXCELLENT,WMTL-PT-24-NCR136,,E
14,SAN JUAN,NCR,13-0003-2426-LW-2,ANALYTIKA LABORATORY,"UNIT 104 LE GRAN, 45 EISENHOWER ST., GREENHILLS, SAN JUAN CITY, METRO MANILA",9273992460,info@analytikalabph.com,info@analytikalabph.com,EDGAR D. NAVARRO,5181461,2,ACCEPTABLE,WMTL-PT-24-NCR137,,A
14,PASIG,NCR,13-00003-2224-LW-2,CHEMPRO ANALYTICAL SERVICES LABORATORIES INC. ,"P1 BLDG., NO.131 SHAW BLVD EXT., ORANBO PASIG, METRO MANILA",09173026285 / (02) 8634-8600 / 8635-6773,dharmatov@gmail.com ,dharmatov@gmail.com ,"ALBANO, DHARMATOV RAHULA, BARLONGO",5367973,0,EXCELLENT,WMTL-PT-24-NCR138,,E
14,MANILA,NCR,13-005-2224-LW-2,CHINESE GENERAL HOSPITAL AND MEDICAL CENTER,"286 BLUMENTRITT STREET, SANTA CRUZ, MANILA","87114141 LOC 369, 370, 374",cgh_clinicalpathology@yahoo.com,cgh_clinicalpathology@yahoo.com,EVELINA N. LAGAMAYO,5379308,0,EXCELLENT,WMTL-PT-24-NCR139,,E
14,MAKATI CITY,NCR,13-0006-2426-LW-1,CITY GOVERNMENT OF MAKATI - WATER BACTERIOLOGICAL LABORATORY,"BUILDING 1, 7TH FLOOR, J.P. RIZAL, MAKATI CITY",8870-7608,WaterLabMHD@gmail.com,WaterLabMHD@gmail.com,FRANCIS Y. TANCHEE,5379484,0,EXCELLENT,WMTL-PT-24-NCR140,,E
14,QUEZON CITY,NCR,13-0007-2325-LW-2,CJK AIR & WATER TESTING LABORATORY,"99-C JUDGE JUAN LUNA SAN ANTONIO, QUEZON CITY",09054056032 / 09196045063 / 83734996 / 83597230,airwaterlab07@yahoo.com.ph,airwaterlab07@yahoo.com.ph,MERYL CHRISTINA B. ANTONIO-REYES,5296583,1,HIGHLY SATISFACTORY,WMTL-PT-24-NCR141,,HS
14,TAGUIG,NCR,13-0015-2426-LW-2,"COTECNA ELITE PHILIPPINES, INC.","64B NEW WEALTH PROPERTIES, ELECTRONICS AVENUE, FTI COMPLEX, WESTERN BICUTAN",(02) 8838-8519,joanna.datwin@cotecna.com.ph,joanna.datwin@cotecna.com.ph,JOANNA P. DATWIN,5399656,2,ACCEPTABLE,WMTL-PT-24-NCR142,,A
14,MANILA,NCR,13-0007-2224-LW-1,"DEPARTMENT OF MEDICAL MICROBIOLOGY, COLLEGE OF PUBLIC HEALTH, UP MANILA","625 PEDRO GIL ST., ERMITA, MANILA",09954338541 / 09602822503 / (02) 8525-5874,dmmcph.upmanila@gmail.com,dmmcph.upmanila@gmail.com,MAROHREN C. TOBIAS-ALTURA,5297908,0,EXCELLENT,WMTL-PT-24-NCR143,,E
14,CALOOCAN CITY ,NCR,DOH 000502,DR. JOSE N. RODRIGUEZ MEMORIAL HOSPITAL WATER TESTING LABORATORY ,ST. JOSEPH AVE.BRGY. 188 (TALA) CALOOCAN CITY METRO MANILA ,9292961443,djnrmhwaterlab@gmail.com,djnrmhwaterlab@gmail.com,IVY MARIE MAGAT VIOLA-CRUZ ,5413226,0,EXCELLENT,WMTL-PT-24-NCR144,,E
14,QUEZON CITY,NCR,13-0011-2426-LW-2,"ELARSI, INC","UNIT 201-203 & 406 RIZALINA ANNEX, BLDG 1677, QUEZON AVE, QUEZON CITY",8927-7715,info@elarsi.com,info@elarsi.com,RENATO M. GOFREDO JR,5303369,0,EXCELLENT,WMTL-PT-24-NCR145,,E
14,QUEZON CITY,NCR,13-0002-2325-LW-2,EMINENT WATER LABORATORY CENTER (MAIN BRANCH),"347-F A. BONIFCACIO AVE., BRGY. SAN JOSE, QUEZON CITY",09331658046 / (02) 8365-7811,jose_lim@eminentwater.com,jose_lim@eminentwater.com,SHERYL O. TESORIO,5372572,0,EXCELLENT,WMTL-PT-24-NCR146,,E
14,QUEZON CITY,NCR,13-001-2224-LW-2,GLOBAL ELIXIR WATER LABORATORY CENTER / AQUA LAB CENTER,"UNIT 5 & 10 DDI DEL MONTE AVE. COR. MAYON ST., BRGY. MAHARLIKA, QUEZON CITY",09437014741 / 8742-4743,alcmayon@yahoo.com,alcmayon@yahoo.com,KELVIN D. CO YU KANG,52+445,0,EXCELLENT,WMTL-PT-24-NCR147,,E
14,QUEZON CITY,NCR,13-0009-2426-LW-2,GREYSTONE BIOCHEM LABORATORIES INC,"148 N. DOMINGO CUBAO, QUEZON CITY",09051681108 / 8727-6474 / 8573-9237,info@greystonebiochem.com,info@greystonebiochem.com,GEMMA GUNILA R. BASILIO,52941007,0,EXCELLENT,WMTL-PT-24-NCR148,,E
14,MAKATI CITY,NCR,13-022-2325-LW-2,"HIADVANCE PHILIPPINES, INCORPORATED - EXTENSION OFFICE","UNIT 7 & 10 LOWER GROUND FLOOR, SQUAREYARD BLDG., 1048 EDSA, MAGALLANES, MAKATI CITY",09399030679 / 09568055517 / 88518365 / 77294327,philippines@hiadvance.com,philippines@hiadvance.com,PRINCESS S. GALVEZ,5379594,0,EXCELLENT,WMTL-PT-24-NCR149,,E
14,QUEZON CITY,NCR,13-0005-2426-LW-2,HI-PRECISION DIAGNOSTICS,"440-442 W. LONG BLDG., DEL MONTE AVE., QUEZON CITY",09176348668 / 02-8-863-9999,hpdelmonte.lab@hi-precision.com.ph,hpdelmonte.lab@hi-precision.com.ph,MARIA LOURDES P. SANTOS,5220542,0,EXCELLENT,WMTL-PT-24-NCR150,,E
14,QUEZON CITY,NCR,13-0007-2426-LW-2,HOPE LOVE FAITH MEDICAL CLINIC AND LABORATORY INC,"35-C WLLIAM BLDG., QUEZON AVE., BRGY. LOURDES, QUEZON CITY, METRO MANILA",09055266004 / 8749-9589,hlf_laboratory@yahoo.com,hlf_laboratory@yahoo.com,VENERACION P. MUNAR,5409511,2,ACCEPTABLE,WMTL-PT-24-NCR151,,A
14,QUEZON CITY,NCR,13-0002-2224-LW-2,HYDROLAB COMPANY,"UNIT 107-108 8407 MNRI BLDG., MINDANAO AVE., BRGY. TALIPAPA, NOVALICHES, QUEZON CITY",09433043263 / 0284041065 / 0272159008,laboratory.hydrolab@gmail.com,laboratory.hydrolab@gmail.com,JOSEF NIKOLAI C. MONROY,5297008,0,EXCELLENT,WMTL-PT-24-NCR152,,E
14,QUEZON CITY ,NCR,13-027-2426-LW-2,HYDROQUEST WATER AND WASTEWATER CORP.,"142 B HOWMART ROAD, QUEZON CITY ",09426487713 / (02)87229267,hydroquestlab@yahoo.com,hydroquestlab@yahoo.com,MARA ANGELICA B. VALDES ,5352764,1,HIGHLY SATISFACTORY,WMTL-PT-24-NCR153,,HS
14,QUEZON CITY,NCR,13-006-2325-LW-2,JEROCAS RESEARCH LABORATORY SERVICES,"14 DON ANTONIO ST., VILLA BEATRIZ, OLD BALARA, QUEZON CITY, METRO MANILA",09326142516 / 73427780,jerocasinc@gmail.com,jerocasinc@gmail.com,ALVIN A. TALAMPAS,5408173,0,EXCELLENT,WMTL-PT-24-NCR154,,E
14,QUEZON CITY ,NCR,13-026-2325-LW-2,"LABNET DIAGNOSTIC AND MEDICAL CLINIC AND WATER TESTING LABORATORY, INC. ",KALAYAAN AVENUE QUEZON CITY,09234296337 / 8527-0007,labnetdiagnostic@gmail.com,labnetdiagnostic@gmail.com,VENERACION PACIS MUNAR,5345202,1,HIGHLY SATISFACTORY,WMTL-PT-24-NCR155,,HS
14,LAS PIÑAS CITY,NCR,13-0012-2325-LW-2,MACH UNION LABORATORIES INC.,"335 ALABANG-ZAPOTE ROAD, TALON 3, LAS PIÑAS CITY",09178439306 / (02) 85538381-82,glenn@machunion.com,glenn@machunion.com,ALADINO M. ABULENCIA,5374746,0,EXCELLENT,WMTL-PT-24-NCR156,,E
14,LAS PIÑAS CITY,NCR,13-0008-2325-LW-2,MACH UNION LABORATORIES INC.,"314ANFRA BLDG., FMC-LTO COMPOUND, ALABANG-ZAPOTE ROAD, TALON UNO, LAS PIÑAS CITY",09178439306 / (02) 85538381-82,biologicaltesting@machunion,biologicaltesting@machunion,LIZA LOUISE P. PEREZ,5374747,0,EXCELLENT,WMTL-PT-24-NCR157,,E
14,MANILA,NCR,13-0008-2426-LW-1,MANILA HEALTH DEPARTMENT - PUBLIC HEALTH LABORATORY ,"1559 ALVAREZ ST. STA. CRUZ, MANILA ",09175771197 / 53101329,manilalab_phl@yahoo.com,manilalab_phl@yahoo.com,"SANTOS, MARIA LOURDES PINEDA ",5386556,1,HIGHLY SATISFACTORY,WMTL-PT-24-NCR158,,HS
14,MARIKINA CITY,NCR,13-0019-2426-LW-1,MARIKINA CITY CLEAN FOOD AND WATER LABORATORY,"GRD. FLR. MPM BLDG. CO. M. CRUZ & KAP. VENCOING STS., STA. ELENA, MARIKINA CITY",09611523939 / 09171692676 / 85678692,analizaclarin010468@gmail.com,analizaclarin010468@gmail.com,GIRLIE C. DE GUZMAN,5326606,0,EXCELLENT,WMTL-PT-24-NCR159,,E
14,QUEZON CITY,NCR,13-003-2426-LW-2,MAYNILAD WATERLAB,"WATERLAB AND ENVIRONMENTAL MANAGEMENT BDLG., LA MESA DAM CMPD., LA MESA RD., BRGY. GREATER LAGRO, QUEZON CITY",(02) 8-697-37-19,christine.bagsik@mayniladwater.com.ph,christine.bagsik@mayniladwater.com.ph,CHRISTINE T. BAGSIK,5297989,0,EXCELLENT,WMTL-PT-24-NCR160,,E
14,MARIKINA CITY,NCR,13-0013-2325-LW-2,"MER CHEMICAL LABORATORY AND SERVICES, INC.","64 MAJOR SANTOS DIZON ST., MARIKINA CITY",09228990248 / 8681-8459,merchemical@yahoo.com.ph,merchemical@yahoo.com.ph,ELVIRA R. BRAÑA,5296189,0,EXCELLENT,WMTL-PT-24-NCR161,,E
14,QUEZON CITY,NCR,,MICROBIOLOGICAL RESEARCH AND SERVICES LABORATORY,"QUIRINO COR., VELASQUEZ ST., UP CAMPUS, DILIMAN, QUEZON CITY, METRO MANIL",89207730,mrslnsri.updiliman@up.edu.ph,mrslnsri.updiliman@up.edu.ph,MARIA AUXILIA T. SIRINGAN,5412529,0,EXCELLENT,WMTL-PT-24-NCR162,,E
14,MAKATI CITY,NCR ,13-021-2325-LW-2,P LAB ASIA PACIFIC INC. ,"UNIT R-11, 3RD FLR. ALLEGRO CENTER, CHINO ROCES AVE. EXT. MAKATI CITY METRO MANILA ",09955219184 / 02 84041002,infolab@plab.ph,infolab@plab.ph,GHUZMARIE PERICO DE GUZMAN ,5360701,1,HIGHLY SATISFACTORY,WMTL-PT-24-NCR163,,HS
14,QUEZON CITY,NCR,13-0018-2123-LW-2,PHILIPPINE INSTITUTE OF PURE AND APPLIED CHEMISTRY (PIPAC),"ATENEO DE MANILA UNIVERSITY CAMPUS, KATIPUNAN AVE., LOYOLA HEIGHTS, QUEZON CITY, METRO MANILA",8426-6072 / 84266001 LOC 4882,pipac.laboratory@pipac.com.ph,pipac.laboratory@pipac.com.ph,CRISANTO M. LOPEZ,5413701,0,EXCELLENT,WMTL-PT-24-NCR164,,E
14,QUEZON CITY,NCR,13-0004-2224-LW-2,PLATINUM RESEARCH LABORATORY INC,"UNIT 807 UNION SQUARE CONDOMINIUM, 15TH AVE., CUBAO, QUEZON CITY",09692527110 / 89126537,platinumlaboratory@gmail.com,platinumlaboratory@gmail.com,HARLENE JOY L. CRUZ,5302841,0,EXCELLENT,WMTL-PT-24-NCR165,,E
14,QUEZON CITY,NCR,13-0010-2426-LW-2,QUALIBET TESTING SERVICES CORP.,"121 A DANGAY ST., VETERANS VILLAGE, PROJECT 7, QUEZON CITY, METRO MANILA",09175609710 / (02) 8374 8003,joe-mar.balbuena@bvaq.com,joe-mar.balbuena@bvaq.com,STEPHANIE JOY C. MONTAÑA,5413214,0,EXCELLENT,WMTL-PT-24-NCR166,,E
14,PASAY CITY,NCR,13-0130-23H3-2,"SAN JUAN DE DIOS EDUCATIONAL FOUNDATION, INC - HOSPITAL","2772 ROXAS BLVD., PASAY CITY",831-9731 LOC. 1115 OR 1116,laboratory@sanjuandedios.org,laboratory@sanjuandedios.org,LIEZEL V. SOSITO,5297440,0,EXCELLENT,WMTL-PT-24-NCR167,,E
14,MANDALUYONG CITY,NCR,13-0004-2325-LW-2,SENTROTEK CORP,"208 PILAR ST., MANDALUYONG CITY, METRO MANILA",09178837705 / 8721-6500,laboratory@sentrotek.com,laboratory@sentrotek.com,PRISCILA P. TONGCO,5397742,0,EXCELLENT,WMTL-PT-24-NCR168,,E
14,MAKATI CITY,NCR,13-0011-2325-LW-2,"SGS PHILIPPINES, INC.","2229 ALEGRIA BLDG., CHINO ROCES AVE., MAKATI CITY",9178033161,jonalyn.tolentino_samonte@sgs.com,jonalyn.tolentino_samonte@sgs.com,JONALYN T. SAMONTE,5297911,2,ACCEPTABLE,WMTL-PT-24-NCR169,,A
14,PARAÑAQUE CITY,NCR,13-0013-2426-LW-2,SPRING WATER TESTING LABORATORY,"UNIT 2 GF, SAN ANTONIO AVE., PARAÑAQUE CITY",09271226803 / 8808-2912,springwater.laboratory@gmail.com,springwater.laboratory@gmail.com,SPENCER S. WATANABE,5372354,1,HIGHLY SATISFACTORY,WMTL-PT-24-NCR170,,HS
14,TAGUIG,NCR,13-010-16-LW-2,ST. LUKE'S MEDICAL CENTER- GLOBAL CITY ,"32ND ST. COR 5TH AVENUE BONIFACIO GLOBAL CITY, TAGUIG CITY ",8789-7700 LOCAL 2065,slmcgcmicrobiology@stlukes.com.ph,slmcgcmicrobiology@stlukes.com.ph,"LAGAMAYO, EVELINA NAVAL ",5367990,2,ACCEPTABLE,WMTL-PT-24-NCR171,,A
14,,NCR,13-0021-2123-LW-1,STANDARDS AND TESTING DIVISION,"SALIKSIK ST., DOST COMPLEX, GEN. SANTOS AVE., BICUTAN, TAGUIG, METRO MANILA",8683-7750 LOC 2124,microbiology.std@gmail.com,microbiology.std@gmail.com,MA. RACHEL V. PARCON,5416113,0,EXCELLENT,WMTL-PT-24-NCR172,,E
14,TAGUIG CITY,NCR,13-0010-2325-LW-2,TAGIG WATER TESTING LABORATORY,"37 GEN. LUNA ST., TUKTUKAN, TAGUIG CITY, METRO MANILA",02-7005-2042,tagigwater@gmail.com,tagigwater@gmail.com,IFTIZAR N. HARON,5413231,0,EXCELLENT,WMTL-PT-24-NCR173,,E
14,MANILA,NCR,13-148-16-700-H3-2,UNIVERSITY OF SANTO TOMAS HOSPITAL,"ESPAÑA BLVD., MANILA",09158320778 / 8731-3001 LOC 2426,usth_micro@yahoo.com,usth_micro@yahoo.com,ROSELLA L. MONTANO,5405652,0,EXCELLENT,WMTL-PT-24-NCR174,,E
14,QUEZON CITY,NCR,13-0001-2325-LW-2,"WATERLAB WATER TESTING LABORATORY, INC.","137 QUIRINO HI-WAY, BAESA, QUEZON CITY",09338166332 / (02) 8294-2345,caloocanwaterlab@yahoo.com,caloocanwaterlab@yahoo.com,MARY JANE E. ALBA,5293111,0,EXCELLENT,WMTL-PT-24-NCR175,,E
1,TAGUDIN,I ,01-0004-2426-LW-2,TAGUDIN MEDICAL DIAGNOSTIC CENTER,"BRGY. LAS-UD, TAGUDIN, ILOCOS SUR",9262306713,asaptmdc2009@gmail.com,asaptmdc2009@gmail.com,GERALDINE M. AGPES,,0,EXCELLENT,WMTL-PT-24-01176,,E
2,CITY OF ILAGAN,II ,02-28-24-HI-I,GOV. FAUSTINO N. DY SR. MEMORIAL HOSPITAL,"CALAMAGUI 2ND, CITY OF ILAGAN, ISABELA",09773075440 / 624-0036,gfndsmh@yahoo.com.ph,gfndsmh@yahoo.com.ph,MILA AMOR VILLANUEVA REYES ,,0,EXCELLENT,WMTL-PT-24-02177,,E
3,ANGELES CITY,III,03-002-2325-LW-2,THE FIRST ANALYTICAL SERVICES & TECHNICAL COOPERATIVE (FAST LABORATORIES) - CLARK ANGELES,"717 NAGALANG ROAD, PANDAN, ANGELES CITY, PAMPANGA",045-457-0517,fastlabclark@gmail.com,fastlabclark@gmail.com,MADY SETH JOY B. CONCEPCION,WITH PESOPAK,0,EXCELLENT,WMTL-PT-24-03178,,E
4,STA. ROSA,IV-A,4A-003-2325-LW-2,"COSMOLAB LABORATORIES, INC.","B13 L13, COLUMBIAN CIRCLE, ANAHAW HOMES, BRGY. DITA, CITY OF STA. ROSA, LAGUNA",09399029402 / (049) 502-8133,cosmolab_laboratories@yahoo.com,cosmolab_laboratories@yahoo.com,CARLOS B. CASTROMAYOR,,0,EXCELLENT,WMTL-PT-24-4A179,,E
4,TRECE MARTIRES CITY,IV-A,DOH004417,GENERAL EMILIO AGUINALDO MEMORIAL HOSPITAL,"BRGY. LUCIANO, TRECE MARITES CITY, CAVITE",5142085,geamhlab@gmail.com,geamhlab@gmail.com,BERNARDITA M. FIGUEROA,5234543,0,EXCELLENT,WMTL-PT-24-4A180,,E
14,PASIG CITY,NCR,13-0006-2224-LW-2,"A1 WATER TESTING LABORATORY, INC.","28 SIXTO AVENUE KAPASIGAN, PASIG CITY",9055266004,rmyrna36@yahoo.com,rmyrna36@yahoo.com,VENERACION PACIS-MUNAR,5181301,1,HIGHLY SATISFACTORY,WMTL-PT-24-NCR181,,HS
14,QUEZON CITY,NCR,13-0003-2325-LW-2,MANILA WATER LABORATORY SERVICES,"489 KATIPUNAN ROAD, MWSS COMPOUND, CENTRAL LABORATORY BUILDING, QUEZON CITY",9175080499,oliveren.marquez@manilawater.com,oliveren.marquez@manilawater.com,MORENA G. BERONIO,,0,EXCELLENT,WMTL-PT-24-NCR182,,E
6,BULA  ,V,05-001-14-LW-R,CAMARINES SUR PHO WATER ANALYSIS LABORATORY,"BANASI, BULA, CAMARINES SUR",9054261494,camsurphowaterlab@gmail.com,camsurphowaterlab@gmail.com,RAYMUNDO BALA IBARRIENTOS,5452740,0,EXCELLENT,WMTL-PT-24-05183,,E
8,LAPU-LAPU CITY,VII,07-01-2024-LW-2,ALTECE MACTAN WATER TESTING LABORATORY,"ROOM 101-102 M. L. QUEZON NATIONAL HIGHWAY, PAJO, LAUP-LAPU CITY, CBEU",09367123524 / 09959618811 / (032) 401-3022,altecemactan.lab@gmail.com,altecemactan.lab@gmail.com,JUDITO G. CABALLERO,,0,EXCELLENT,WMTL-PT-24-07184,,E
11,CAGAYAN DE ORO,X,10-001-2325-LW-1,DEPARTMENT OF HEALTH X REGIONAL WATER LABORATORY,"J.V. SERIÑA ST., CARMEN, CAGAYAN DE ORO CITY, MISAMIS ORIENTAL",09165007080 / 09171483298,waterlab.dohrox@gmail.com,waterlab.dohrox@gmail.com,LOIDA C. MORRE,,0,EXCELLENT,WMTL-PT-24-10185,,E
11,CAGAYAN DE ORO,X,COC NO. 2021-0189-RLED,"DEPARTMENT OF SCIENCE AND TECHNOLOGY REGIONAL OFFICE - X, REGIONAL STANDARDS AND TESTING LABORATORIES","J.V. SERIÑA ST., CARMEN, CAGAYAN DE ORO CITY, MISAMIS ORIENTAL",09178579209 / 855-0081,rstl-cro@region10.dost.gov.ph,rstl-cro@region10.dost.gov.ph,FRUMENCIO B. QUIBLAT,WITH PESOPAK,0,EXCELLENT,WMTL-PT-24-10186,,E
11,CAGAYAN DE ORO,X,DOH051324,GRT LABORATORY WATER TESTING SERVICES,"DOOR 1, ZONE 1, UPPER BALULANG, CAGAYAN DE ORO, MISAMIS ORIENTAL",9664964238,grtlaboratory@gmail.com,grtlaboratory@gmail.com,GERALD L. LAMAYRA,5443968,2,ACCEPTABLE,WMTL-PT-24-10187,,A
13,KIDAPAWAN CITY,XII,12-001-2224-LW-1,METRO KIDAPAWAN WATER DISTRICT,"NATIONAL HIGHWAY, BRGY LANAO KIDAPAWAN CITY, COTABATO",9330450078,mkwdlab@gmail.com,mkwdlab@gmail.com,EDUARD PAUL O. LAQUIHON,WITH PESOPAK,1,HIGHLY SATISFACTORY,WMTL-PT-24-12188,,HS
13,GENERAL SANTOS CITY,XII,12-016-2224-LW-1,MSU - GENERAL SANTOS CITY WATER ANALTICAL LABORATORY AND RESEARCH CENTER,"MSU COMPOUND, BRGY. FATIMA, GENERAL SANTOS CITY, SOUTH COTABATO",9567556583,msugscwalrc@msugensan.edu.ph,msugscwalrc@msugensan.edu.ph,VIENNA MARIE B. ECHALAR,5432769,2,ACCEPTABLE,WMTL-PT-24-12189,,A
15,BAUKO,CAR,14-0001-2426-LW-1,BAUKO RURAL HEALTH UNIT WATER LABORATORY,"NANG-A, POBLACION, BAUKO, MOUNTAIN PROVINCE",9771733088,baukorhu@gmail.com,baukorhu@gmail.com,SAMUEL M. MASIDONG,,0,EXCELLENT,WMTL-PT-24-CAR190,,E
5,PUERTO PRINCESA CITY,IV-B,4B-002-2426-LW-1,ENVIRONMENTAL SANITATION AND PUBLIC HEALTH LABORATORY,"SPS GOVERNMENT ENTER, PEO COMPD., PUERTO PRINCESA CITY, PALAWAN",09189628098 / (043)-434-9996,phopalawanlaboratory@gmail.com,phopalawanlaboratory@gmail.com,PERLA E. PALAO,5418082,2,ACCEPTABLE,WMTL-PT-24-4B191,,A
